序號,辦理機關,機關代碼,案件名稱,委託經營期間,受託單位
1,文化局,379590000E,三井物產株式會社舊倉庫,"108/09/30 至
117/12/31",景澤創意有限公司
2,文化局,379590000E,市定古蹟紀州庵及新館,"115/01/01 至
123/12/31",財團法人台灣文學發展基金會
3,文化局,379590000E,市定古蹟蔡瑞月舞蹈研究社,"113/07/01 至
116/06/30",財團法人台北市蔡瑞月文化基金會
4,文化局,379590000E,永安藝文館,"112/04/27 至
115/04/26",故事工廠
5,文化局,379590000E,李國鼎故居,"108/02/01 至
117/01/31",財團法人李國鼎科技發展基金會
6,文化局,379590000E,芝山岩展示館,"110/01/01 至
115/12/31",社團法人台北市野鳥學會
7,文化局,379590000E,牯嶺街小劇場,"103/07/01 至
115/01/20",身體氣象館
8,文化局,379590000E,孫運璿科技．人文紀念館(直轄市定古蹟孫運璿重慶南路寓所),"108/06/14 至
117/06/13",財團法人孫運璿學術基金會
9,文化局,379590000E,新芳春茶行,"113/07/01 至
115/12/31",國立臺北教育大學
10,市場處,379670100G,臺北市第一果菜批發市場,"97/01/01 至
117/12/31",臺北農產運銷股份有限公司
11,市場處,379670100G,臺北市第二果菜批發市場,"95/12/01 至
117/12/31",臺北農產運銷股份有限公司
12,市場處,379670100G,臺北市魚類批發市場暨民族魚市場,"97/01/01 至
117/12/31",臺北漁產運銷股份有限公司
13,社會局,379120000J,北投奇岩長青樂活大樓,"108/09/05 至
116/12/31",社團法人中華民國靈糧堂社會福利協會
14,社會局,379120000J,崇愛發展中心,"111/01/01 至
118/06/30",財團法人第一社會福利基金會
15,社會局,379120000J,臺北市一壽照顧中心,"113/07/01 至
116/06/30",台北市康復之友協會
16,社會局,379120000J,臺北市三玉社區公共托育家園,"115/01/01 至
117/12/31",財團法人中華民國唐氏症基金會
17,社會局,379120000J,臺北市三玉啟能中心,"113/01/01 至
115/12/31",中華民國腦性麻痺協會
18,社會局,379120000J,臺北市三興團體家庭,"114/07/01 至
117/06/30",財團法人第一社會福利基金會
19,社會局,379120000J,臺北市士林托嬰中心,"111/01/01 至
116/12/31",財團法人靖娟兒童安全文教基金會
20,社會局,379120000J,臺北市士林老人服務暨日間照顧中心,"115/01/01 至
117/12/31",社團法人中華民國士林靈糧堂社會福利協會
21,社會局,379120000J,臺北市士林暨文昌社區公共托育家園,"113/01/01 至
115/12/31",社團法人台灣公共托育協會
22,社會局,379120000J,臺北市大同托嬰中心,"115/01/01 至
117/12/31",社團法人吾幼吾家教保協會
23,社會局,379120000J,臺北市大同老人服務暨日間照顧中心(大龍市場),"108/10/02 至
115/12/31",財團法人台北市立慈善基金會
24,社會局,379120000J,臺北市大同發展中心,"110/01/01 至
116/06/30",社團法人中華民國腦性麻痺協會
25,社會局,379120000J,臺北市大安托嬰中心,"113/01/01 至
115/12/31",社團法人新北市國際兒童教育協會
26,社會局,379120000J,臺北市大安老人服務暨日間照顧中心,"113/01/01 至
115/12/31",社團法人德安社會福利基金會
27,社會局,379120000J,臺北市大安社區公共托育家園,"113/01/01 至
115/12/31",社團法人中華婦幼健康促進發展協會
28,社會局,379120000J,臺北市大直社區公共托育家園,"112/01/01 至
117/12/31",社團法人中華童心幸福關懷協會
29,社會局,379120000J,臺北市大湖托嬰中心,"115/01/01 至
117/12/31",社團法人台北市幼兒園協會
30,社會局,379120000J,臺北市大龍老人住宅,"114/01/01 至
116/12/31",天主教耕莘醫療財團法人永和耕莘醫院
31,社會局,379120000J,臺北市大龍社區公共托育家園,"115/01/01 至
117/12/31",臺北市托育協會
32,社會局,379120000J,臺北市大龍峒身障社區長照機構(日間照顧),"113/01/01 至
115/12/31",財團法人臺北市喜樂家族社會福利基金會
33,社會局,379120000J,臺北市大龍養護中心,"114/07/01 至
117/06/30",財團法人伊甸社會福利基金會
34,社會局,379120000J,臺北市小彎社區公共托育家園,"109/10/31 至
115/12/31",社團法人中華兆陽文教發展協會
35,社會局,379120000J,臺北市中山托嬰中心,"112/01/01 至
117/12/31",社團法人台北市教保人員協會
36,社會局,379120000J,臺北市中山老人住宅暨服務中心,"114/01/01 至
116/12/31",財團法人臺灣省私立健順養護中心
37,社會局,379120000J,臺北市中山身障社區長照機構（日間照顧）,"111/01/01 至
116/12/31",財團法人喜憨兒社會福利基金會
38,社會局,379120000J,臺北市中正托嬰中心,"113/01/01 至
115/12/31",社團法人台北市幼兒園協會
39,社會局,379120000J,臺北市中正老人服務暨日間照顧中心,"112/01/01 至
117/12/31",中華民國紅十字會台灣省分會
40,社會局,379120000J,臺北市內湖托嬰中心,"111/01/01 至
116/12/31",財團法人中華民國唐氏症基金會
41,社會局,379120000J,臺北市內湖老人服務中心,"115/01/01 至
117/12/31",社團法人中華民國香柏樹長者社區關懷協會
42,社會局,379120000J,臺北市文山(興隆)托嬰中心,"111/06/01 至
115/12/31",社團法人台北市兒童托育協會
43,社會局,379120000J,臺北市文山老人服務暨日間照顧中心(興岩),"111/12/21 至
116/12/31",財團法人恆安社會福利慈善事業基金會 
44,社會局,379120000J,臺北市文山老人養護中心,"113/03/01 至
115/12/31",財團法人利河伯社會福利基金會
45,社會局,379120000J,臺北市文北暨洲美社區公共托育家園,"113/01/01 至
115/12/31",臺北市嬰幼兒托育協會
46,社會局,379120000J,臺北市文湖社區公共托育家園,"112/01/01 至
117/12/31",社團法人臺北市飛亞特全人福利服務文教發展協會
47,社會局,379120000J,臺北市日善社區公共托育家園,"110/01/01 至
115/12/31",社團法人新北市中華國際嬰幼兒發展學會
48,社會局,379120000J,臺北市北安社區公共托育家園,"115/01/01 至
117/12/31",社團法人中華婦幼健康促進發展協會
49,社會局,379120000J,臺北市北投托嬰中心,"110/01/01 至
115/12/31",社團法人台北市教保人員協會
50,社會局,379120000J,臺北市北投暨桃源社區公共托育家園,"112/01/01 至
117/12/31",財團法人彭婉如文教基金會
51,社會局,379120000J,臺北市弘愛服務中心,"111/01/01 至
118/06/30",台北市智障者家長協會
52,社會局,379120000J,臺北市民生身障社區長照機構（日間照顧）,"110/01/01 至
115/12/31",財團法人伊甸社會福利基金會
53,社會局,379120000J,臺北市永明發展中心,"110/01/01 至
116/06/30",財團法人育成社會福利基金會
54,社會局,379120000J,臺北市永建社區公共托育家園,"113/01/01 至
115/12/31",台灣愛心樹關懷發展協會
55,社會局,379120000J,臺北市永樂社區公共托育家園,"112/01/01 至
117/12/31",社團法人中華童心幸福關懷協會
56,社會局,379120000J,臺北市玉成社區公共托育家園,"114/01/01 至
116/12/31",社團法人中華婦幼健康促進發展協會
57,社會局,379120000J,臺北市兆如老人安養護中心,"112/10/02 至
115/12/31",佳醫長照社團法人
58,社會局,379120000J,臺北市吉林托嬰中心,"113/06/01 至
116/12/31",台北市教保人員協會
59,社會局,379120000J,臺北市成功社區公共托育家園,"112/01/01 至
117/12/31",社團法人台北市兒童托育協會
60,社會局,379120000J,臺北市朱崙老人公寓,"113/01/01 至
115/12/31",天主教耕莘醫療財團法人永和耕莘醫院
61,社會局,379120000J,臺北市百齡社區公共托育家園,"115/01/01 至
117/12/31",財團法人中華民國唐氏症基金會
62,社會局,379120000J,臺北市老松社區公共托育家園,"114/01/01 至
116/12/31",財團法人海棠文教基金會
63,社會局,379120000J,臺北市至善老人安養護中心,"110/05/01 至
118/03/31",天主教耕莘醫療財團法人永和耕莘醫院
64,社會局,379120000J,臺北市西湖托嬰中心,"113/01/01 至
115/12/31",社團法人臺北市飛亞特全人福利服務文教發展協會
65,社會局,379120000J,臺北市吳興社區公共托育家園,"112/01/01 至
117/12/31",社團法人臺北市保母成長促進會
66,社會局,379120000J,臺北市身心障礙綜合服務中心暨大同、中山區身心障礙者服務中心,"110/04/01 至
115/12/31",財團法人喜憨兒社會福利基金會
67,社會局,379120000J,臺北市辛亥社區公共托育家園,"113/01/01 至
115/12/31",社團法人新北市大愛關懷協會
68,社會局,379120000J,臺北市和興社區公共托育家園,"110/07/24 至
115/12/31",社團法人新北市大愛關懷協會
69,社會局,379120000J,臺北市奇岩托嬰中心,"110/03/12 至
116/12/31",社團法人中華婦幼健康促進發展協會
70,社會局,379120000J,臺北市忠孝社區公共托育家園,"112/01/01 至
117/12/31",臺北市托育協會
71,社會局,379120000J,臺北市明倫托嬰中心,"113/01/01 至
115/12/31",台北市教保人員協會
72,社會局,379120000J,臺北市東明托嬰中心,"115/01/01 至
117/12/31",社團法人中華兆陽文教發展協會
73,社會局,379120000J,臺北市東明扶愛家園,"113/01/01 至
115/12/31",財團法人育成社會福利基金會
74,社會局,379120000J,臺北市東湖托嬰中心,"111/05/25 至
115/12/31",財團法人中華兆陽文教發展協會
75,社會局,379120000J,臺北市東湖發展中心,"112/11/16 至
117/12/31",財團法人台北市自閉兒社會福利基金會
76,社會局,379120000J,臺北市東園暨西園社區公共托育家園,"112/01/01 至
117/12/31",社團法人新北市中華國際嬰幼兒發展學會
77,社會局,379120000J,臺北市松山托嬰中心,"113/01/01 至
115/12/31",德育學校財團法人德育護理健康學院
78,社會局,379120000J,臺北市松山老人服務暨日間照顧中心,"114/01/01 至
116/12/31",財團法人台灣省私立健順養護中心
79,社會局,379120000J,臺北市松山社區公共托育家園,"113/01/01 至
115/12/31",臺北市托育協會
80,社會局,379120000J,臺北市松民社區公共托育家園,"113/01/01 至
115/12/31",社團法人中華佑德文教發展協會
81,社會局,379120000J,臺北市武功暨萬芳社區公共托育家園,"112/01/01 至
117/12/31",社團法人台灣真善美幼兒教育協會
82,社會局,379120000J,臺北市芝山社區公共托育家園,"110/01/01 至
115/12/31",財團法人彭婉如文教基金會
83,社會局,379120000J,臺北市金龍發展中心,"112/01/01 至
117/12/31",財團法人心路社會福利基金會
84,社會局,379120000J,臺北市青年托嬰中心,"114/01/01 至
116/12/31",社團法人新北市國際兒童教育協會
85,社會局,379120000J,臺北市青年社區公共托育家園,"109/10/16 至
115/12/31",財團法人海棠文教基金會
86,社會局,379120000J,臺北市亭中社區公共托育家園,"113/01/01 至
115/12/31",中華兆陽文教協會
87,社會局,379120000J,臺北市信安暨安興社區公共托育家園,"113/09/04 至
117/12/31",新北市嬰幼兒托育發展促進會
88,社會局,379120000J,臺北市信義托嬰中心,"113/01/01 至
115/12/31",社團法人台北市幼兒園協會
89,社會局,379120000J,臺北市信義老人服務暨日間照顧中心(廣慈B標),"109/12/16 至
117/12/31",社團法人中華民國紅心字會
90,社會局,379120000J,臺北市南海社區公共托育家園,"114/01/01 至
116/12/31",社團法人新北市春陽關懷協會
91,社會局,379120000J,臺北市南海發展中心,"113/07/01 至
116/06/30",財團法人天主教光仁社會福利基金會
92,社會局,379120000J,臺北市南港托嬰中心,"113/01/01 至
115/12/31",社團法人新北市國際兒童教育協會
93,社會局,379120000J,臺北市南港老人服務暨日間照顧中心,"113/01/01 至
115/12/31",財團法人台灣省私立健順養護中心
94,社會局,379120000J,臺北市城中發展中心,"111/01/01 至
118/06/30",財團法人育成社會福利基金會
95,社會局,379120000J,臺北市建成社區公共托育家園,"114/01/01 至
116/12/31",臺北市托育協會
96,社會局,379120000J,臺北市恆愛發展中心,"111/01/01 至
118/06/30",財團法人第一社會福利基金會
97,社會局,379120000J,臺北市星雲暨麗山社區公共托育家園,"112/01/01 至
117/12/31",社團法人中華婦幼健康促進發展協會
98,社會局,379120000J,臺北市健軍團體家庭,"110/01/01 至
116/06/30",財團法人育成社會福利基金會
99,社會局,379120000J,臺北市健康托嬰中心,"113/01/01 至
115/12/31",財團法人中華民國唐氏症基金會
100,社會局,379120000J,臺北市培英托嬰中心,"111/10/07 至
116/12/31",社團法人臺北市飛亞特全人福利服務文教發展協會
101,社會局,379120000J,臺北市婦女館,"110/01/01 至
115/12/31",財團法人台北基督教女青年會
102,社會局,379120000J,臺北市族中社區公共托育家園,"113/01/01 至
115/12/31",台灣愛心樹關懷發展協會
103,社會局,379120000J,臺北市莒光社區公共托育家園,"115/01/01 至
117/12/31",社團法人新北市春陽關懷協會
104,社會局,379120000J,臺北市博愛發展中心,"111/01/01 至
118/06/30",財團法人第一社會福利基金會
105,社會局,379120000J,臺北市富安社區公共托育家園,"112/04/01 至
117/12/31",財團法人中華民國唐氏症基金會
106,社會局,379120000J,臺北市景美托嬰中心,"112/01/01 至
117/12/31",中華民國蒙特梭利教師協會
107,社會局,379120000J,臺北市景新身障社區長照機構（日間照顧）,"111/01/26 至
117/12/31",財團法人中華民國唐氏症基金會
108,社會局,379120000J,臺北市華榮社區公共托育家園,"111/03/25 至
116/12/31",臺北市嬰幼兒托育協會
109,社會局,379120000J,臺北市陽明老人公寓,"111/01/01 至
116/12/31",財團法人恆安社會福利慈善事業基金會
110,社會局,379120000J,臺北市新生托嬰中心,"113/01/01 至
115/12/31",社團法人新北市國際兒童教育協會
111,社會局,379120000J,臺北市新湖社區公共托育家園,"112/01/01 至
117/12/31",社團法人臺北市幼托協會
112,社會局,379120000J,臺北市溪口社區公共托育家園,"115/01/01 至
117/12/31",中華民國蒙特梭利教師協會
113,社會局,379120000J,臺北市瑞光社區公共托育家園,"115/01/01 至
117/12/31",社團法人中華婦幼健康促進發展協會
114,社會局,379120000J,臺北市瑞光社區長照機構,"109/04/29 至
116/12/31",社團法人中華民國士林靈糧堂社會福利協會
115,社會局,379120000J,臺北市萬大托嬰中心,"115/01/01 至
117/12/31",社團法人新北市春陽關懷協會
116,社會局,379120000J,臺北市萬芳啟能中心,"110/01/01 至
116/06/30",財團法人伊甸社會福利基金會
117,社會局,379120000J,臺北市萬芳發展中心,"114/07/01 至
117/06/30",財團法人心路社會福利基金會
118,社會局,379120000J,臺北市萬華托嬰中心,"114/01/01 至
116/12/31",社團法人中華佑德文教發展協會
119,社會局,379120000J,臺北市萬華老人服務中心(福星),"111/09/23 至
115/12/31",財團法人天主教失智老人社會福利基金會
120,社會局,379120000J,臺北市萬華龍山老人服務暨日間照顧中心,"112/01/01 至
117/12/31",財團法人臺北市立心慈善基金會
121,社會局,379120000J,臺北市萬隆暨萬福社區公共托育家園,"115/01/01 至
117/12/31",社團法人新北市大愛關懷協會
122,社會局,379120000J,臺北市經貿社區公共托育家園,"113/09/25 至
117/12/31",社團法人中華佑德文教發展協會
123,社會局,379120000J,臺北市葫蘆社區公共托育家園,"112/01/01 至
117/12/31",社團法人台灣公共托育協會
124,社會局,379120000J,臺北市福星身障社區長照機構（日間照顧）,"111/12/03 至
117/12/31",社團法人中華民國士林靈糧堂社會福利協會
125,社會局,379120000J,臺北市廣慈托嬰中心,"110/04/01 至
117/12/31",社團法人新北市國際兒童教育協會
126,社會局,379120000J,臺北市廣慈社區公共托育家園,"110/07/24 至
115/12/31",社團法人臺北市保母成長促進會
127,社會局,379120000J,臺北市廣愛家園,"110/04/16 至
118/06/30",財團法人育成社會福利基金會
128,社會局,379120000J,臺北市樟新社區公共托育家園,"113/09/25 至
117/12/31",財團法人心路社會福利基金會
129,社會局,379120000J,臺北市潭美托嬰中心,"110/03/09 至
116/12/31",社團法人中華兆陽文教發展協會
130,社會局,379120000J,臺北市潭美社區公共托育家園,"113/01/01 至
115/12/31",社團法人中華婦幼健康促進發展協會
131,社會局,379120000J,臺北市稻香身障社區長照機構（日間照顧）,"110/11/06 至
116/12/31",財團法人天主教白永恩神父社會福利基金會
132,社會局,379120000J,臺北市稻香社區公共托育家園,"110/03/31 至
116/12/31",臺北市嬰幼兒托育協會
133,社會局,379120000J,臺北市稻香發展中心,"111/02/12 至
116/12/31",財團法人瑪利亞社會福利基金會
134,社會局,379120000J,臺北市興岩身障社區長照機構（日間照顧）,"111/07/07 至
117/12/31",財團法人臺北市喜樂家族社會福利基金會
135,社會局,379120000J,臺北市興華托嬰中心,"113/06/01 至
116/12/31",中華民國蒙特梭利學會
136,社會局,379120000J,臺北市興隆托嬰中心,"113/01/01 至
115/12/31",耕莘建康管理專科學校
137,社會局,379120000J,臺北市興隆社區公共托育家園,"115/01/01 至
117/12/31",社團法人新北市大愛關懷協會
138,社會局,379120000J,臺北市興隆照顧中心,"113/01/01 至
115/12/31",財團法人伊甸社會福利基金會
139,社會局,379120000J,臺北市興隆團體家庭,"113/01/01 至
115/12/31",財團法人伊甸社會福利基金會
140,社會局,379120000J,臺北市興雅社區公共托育家園,"112/01/01 至
117/12/31",臺北市托育協會
141,社會局,379120000J,臺北市龍山社區公共托育家園,"112/04/01 至
117/12/31",臺灣晴天婦幼發展協會
142,社會局,379120000J,臺北市濱中社區公共托育家園,"112/07/01 至
117/12/31",社團法人中華佑德文教發展協會
143,社會局,379120000J,臺北市濱江社區公共托育家園,"113/01/01 至
115/12/31",社團法人中華婦幼健康促進發展協會
144,社會局,379120000J,臺北市舊莊社區公共托育家園,"112/01/01 至
117/12/31",社團法人新北市中華國際嬰幼兒發展學會
145,社會局,379120000J,臺北市雙園社區公共托育家園,"112/01/01 至
117/12/31",中華民國蒙特梭利教師協會
146,社會局,379120000J,臺北市懷中社區公共托育家園,"113/01/01 至
115/12/31",財團法人海棠文教基金會
147,社會局,379120000J,臺北市關渡托嬰中心,"112/01/01 至
117/12/31",馬偕學校財團法人馬偕醫護管理專科學校
148,社會局,379120000J,臺北市蘭雅社區公共托育家園,"115/01/01 至
117/12/31",新北市嬰幼兒托育發展促進會
149,社會局,379120000J,轉角培力基地,"114/01/01 至
115/12/31",社團法人人生百味文化建構協會
150,陽明教養院,379120700J,臺北市立陽明教養院委託財團法人中華民國唐氏症基金會經營管理永福之家-興岩園區,"112/04/01 至
117/02/28",財團法人中華民國唐氏症基金會
151,陽明教養院,379120700J,臺北市立陽明教養院委託財團法人喜憨兒社會福利基金會經營管理永福之家-廣慈園區,"112/11/01 至
117/10/31",財團法人喜憨兒社會福利基金會
152,衛生局,379140000I,臺北市北投區稻香社區長照設施暨醫事機構,"111/02/12 至
119/12/31",臺北榮民總醫院
153,衛生局,379140000I,臺北市立萬芳醫院,"112/08/21 至
121/08/20",臺北醫學大學
154,衛生局,379140000I,臺北市立關渡醫院,"107/02/18 至
116/02/17",臺北榮民總醫院
155,衛生局,379140000I,臺北市東明住宿長照機構,"108/07/05 至
116/06/30",財團法人台北市私立愛愛院
,,,, , 
