序號,地區別,案名,市有土地地號,更新前市有土地總面積（平方公尺）,更新單元總面積（平方公尺）,最新辦理情形
1,中正區,變更臺北市中正區永昌段四小段332地號等43筆土地都市更新事業計畫暨擬訂權利變換計畫案,永昌段四小段318-4、318-5、336-１、336-2地號,566,3919,權利變換計畫核定
2,中正區,變更臺北市中正區永昌段五小段446-1地號等40筆土地都市更新事業計畫及擬訂權利變換計畫案,永昌段五小段468、468-6、469地號,1635,2995,權利變換計畫核定
3,中正區,擬訂臺北市中正區永昌段四小段46-4地號等117筆土地(原116筆)都市更新事業計畫及權利變換計畫案,永昌段四小段92地號,26,3169,事業暨權利變換計畫核定
4,中正區,擬訂臺北市中正區永昌段四小段644地號等8筆土地都市更新事業計畫及權利變換計畫案,"都發局：644、644-1及644-2地號
新工處(撥用國有土地)：645-6地號",62,3898,事業暨權利變換計畫程序中
5,中正區,變更臺北市中正區河堤段一小段191地號等26筆土地都市更新事業計畫及權利變換計畫案,河堤段一小段220、220-1地號,50,1119,事業暨權利變換計畫核定
6,中正區,擬訂臺北市中正區永昌段六小段135地號等74筆(原69筆)土地都市更新事業計畫案,永昌段六小段137、137-1、151-1地號及永昌段四小段128-2、128-3地號,208,4159,事業計畫程序中
7,中正區,擬訂臺北市中正區臨沂段三小段412地號等12筆(原11筆)土地都市更新事業計畫案,臨沂段三小段418、419地號,375,2933,事業計畫程序中
8,中正區,擬訂臺北市中正區臨沂段三小段48地號等7筆及臨沂段四小段9地號等18筆土地都市更新事業計畫案,新工處:臨沂段三小段48地號,58,2391,事業計畫程序中
9,中正區,變更(第2次)臺北市中正區河堤段二小段21地號等38筆土地都市更新事業計畫及變更權利變換計畫案,河堤段二小段40、69、70、72、73地號(113.08.29古亭地所管變土地管理機關予都發局),487,2247,權利變換計畫核定
10,中正區,擬訂臺北市中正區南海段二小段41-4地號等55筆土地都市更新權利變換計畫案,消防局：南海段二小段52-2、66-3、66-5、68-1、70地號,435,2003,權利變換計畫核定
11,中正區,擬訂臺北市中正區福和段一小段694地號等18筆土地都市更新權利變換計畫案,"財政局：福和段一小段709、709-1地號
公共運輸處：福和段一小段712地號",563,2101,權利變換計畫核定
12,中正區,擬訂臺北市中正區福和段二小段60-19地號等6筆土地都市更新事業計畫及權利變換計畫案(水源二三期整宅),"財政局：福和段二小段60-19、77(持分)、164-4、166-2地號
新工處：福和段二小段77-2(持分)地號",486,10541,事業暨權利變換計畫程序中
13,中正區,擬訂臺北市中正區中正段一小段68地號等12筆土地都市更新權利變換計畫案,中正段一小段73-3、73-7地號,121,3542,權利變換計畫程序中
14,中正區,擬訂臺北市中正區河堤段四小段173地號等41筆土地都市更新事業計畫及權利變換計畫案,河堤段四小段247-9(部分)、247-18、263-11(部分)、263-27、263-38,39,4347,事業暨權利變換計畫程序中
15,中正區,擬訂臺北市中正區永昌段五小段236-2地號等21筆(原19筆)土地都市更新事業計畫案,"財政局:永昌段五小段380-4、398
新工處:永昌段五小段337-1",310,1512,事業計畫程序中
16,中正區,變更臺北市中正區永昌段六小段96地號等27筆(原19筆)土地都市更新事業計畫及擬訂權利變換計畫案,永昌段六小段87、87-3地號,262,5299,權利變換計畫程序中
17,中正區,擬訂臺北市中正區永昌段四小段132-2地號等15筆土地都市更新事業計畫及權利變換計劃案,永昌段四小段301地號,14,1190,事業暨權利變換計畫核定
18,中正區,擬訂臺北市中正區河堤段一小段367地號等16筆土地都市更新事業計畫及權利變換計畫案,"財政局:河堤段一小段384、414(持分)地號
新工處:402-1(持分)、414-1(持分)",441,1721,事業暨權利變換計畫程序中
19,中正區,擬訂臺北市中正區臨沂段二小段316地號等4筆土地都市更新事業計畫及權利變換計畫案,臨沂段二小段316地號,73,519,事業暨權利變換計畫程序中
20,中正區,擬訂臺北市中正區南海段一小段84地號1筆土地都市更新事業計畫案,都發局、市場處：南海段一小段84地號(持分),437,12597,事業計畫程序中
21,中正區,擬訂臺北市中正區南海段一小段526地號等16筆土地都市更新事業計畫及權利變換計畫案,592、592-1地號,79,1027,事業暨權利變換計畫程序中
22,中正區,擬訂臺北市中正區南海段二小段49-5地號等48筆土地都市更新事業計畫及權利變換計畫案,"財政局：南海段二小段104、104-1、105-2、117、119、120、125、126、127、127-4地號
新建工程處：南海段二小段300-2、300-3地號",224,2586,事業暨權利變換計畫程序中
23,中正區,擬訂臺北市中正區河堤段六小段278地號等7筆土地都市更新事業計畫及權利變換計畫案,環保局:279、279-1、279-2,135,877,事業暨權利變換計畫程序中
24,中正區,擬訂臺北市中正區城中段二小段536-2地號等16筆土地都市更新事業計畫案,財政局：城中段二小段536-2地號,3,1512,事業計畫程序中
25,中正區,擬訂臺北市中正區臨沂段一小段357地號等16筆土地都市更新事業計畫案,財政局：363、363-1、363-2、364、364-1、366、366-1,519,2460,事業計畫程序中
26,中正區,擬訂臺北市中正區河堤段二小段330地號等24筆土地都市更新事業計畫及權利變換計畫案,財政局：同小段366地號,1,1427,事業暨權利變換計畫程序中
27,中正區,擬訂臺北市中正區成功段三小段3地號等46筆土地及臨沂段一小段487-2地號等43筆土地都市更新事業計畫及權利變換計畫案,"成功段
財政局：4、6
稅捐處：10、10-3
文化局：10-2
自來水處：10-1

臨沂段
新工處：487-2
財政局：495-1、495-3",6261,21314,事業暨權利變換計畫程序中
28,中正區,擬訂臺北市中正區河堤段六小段256-1地號等22筆土地都市更新事業計畫案,財政局：256-1、256-2,5,703,事業計畫程序中
29,大同區,擬定臺北市大同區市府路三小段331地號等45筆土地事業概要案,市府段三小段422-1地號,1,1801,事業概要核准
30,大同區,擬訂臺北市大同區大龍段一小段521地號等29筆土地都市更新事業計畫及權利變換計劃,大龍段一小段521-1地號,129,1764,事業計畫程序中
31,大同區,擬訂臺北市大同區雙連段二小段208地號等55筆(原54筆)土地都市更新權利變換計畫案,"財政局：雙連段二小段219（持分）、219-2、312地號
消防局、環保局：雙連段二小段219（持分）地號",2318,6277,權利變換計畫程序中
32,大同區,擬訂臺北市大同區雙連段三小段689地號（原726地號）等40筆(原35筆)土地都市更新權利變換計畫案,"財政局：雙連段三小段729、738地號（113.08已管變予都發局）
警察局：雙連段三小段737地號",1491,3704,權利變換計畫核定
33,大同區,擬訂臺北市大同區迪化段一小段221-3地號等115筆土地都市更新事業計畫案,新建工程處：迪化段一小段221-3地號,51,4987,事業計畫程序中
34,大同區,擬訂臺北市大同區玉泉段二小段40地號等29筆土地都市更新事業計畫及權利變換計畫案,玉泉段二小段60-2、60-3地號,82,2532,事業暨權利變換計畫核定
35,大同區,擬訂臺北市大同區玉泉段二小段452-2地號等83筆土地都市更新事業計畫及權利變換計畫案,玉泉段二小段491-1地號,84,6690,事業暨權利變換計畫程序中
36,大同區,擬訂臺北市大同區大龍段一小段265地號等27筆（原25筆）土地都市更新事業計畫及權利變換計畫案,"社會局：大龍段一小段296-1地號
新建工程處：大龍段一小段299-3地號",163,9972,事業暨權利變換計畫核定
37,大同區,擬訂臺北市大同區雙連段三小段98地號等25筆(原23筆)土地都市更新事業計畫及權利變換計畫案,雙連段三小段105、107-5、107-6、107-2、118地號,17,1030,事業暨權利變換計畫核定
38,大同區,擬訂臺北市大同區市府段一小段288-4地號等74筆土地都市更新事業計畫及權利變換計畫案,新建工程處:市府段一小段350-2、437-1、437-4(部分)、438-1(部分)、438-3、440-2、441-2、453-1及455-1地號（持分）地號,26,3036,事業暨權利變換計畫程序中
39,大同區,擬訂臺北市大同區橋北段三小段882地號等42筆土地都市更新事業計畫及權利變換計畫案,橋北段三小段882、882-3、882-4、882-5、901-1及901-5地號,236,2056,事業暨權利變換計畫程序中
40,大同區,擬訂臺北市大同區大同段一小段391-2地號等7筆土地都市更新事業計畫及權利變換計畫（斯文里二期公辦都市更新案）,大同段一小段447地號,107,4849,事業暨權利變換計畫程序中
41,大同區,擬訂臺北市大同區雙連段一小段416-6地號等40筆土地都市更新事業計畫及擬訂權利變換計畫案,雙連段一小段449、459地號,1,2379,事業暨權利變換計畫程序中
42,大同區,擬訂臺北市大同區橋北段一小段652-11地號等44筆土地都市更新事業計畫案,"財政局:橋北段一小段652-11、652-21地號
新建工程處:橋北段一小段685-2、685-3、685-4地號",18,2044,事業計畫程序中
43,大同區,擬訂臺北市大同區橋北段三小段579地號等66筆土地都市更新事業計畫及權利變換計畫案,"財政局：橋北段三小段579、612、613地號
新工處：橋北段三小段597-1地號",53,2908,事業暨權利變換計畫程序中
44,大同區,擬訂臺北市大同區市府段一小段575地號等22筆土地都市更新事業計畫及權利變換計畫案,捷運局：市府段一小段601-1、602-2、602-3地號,14,1309,事業暨權利變換計畫程序中
45,大同區,擬訂臺北市大同區市府段二小段653-1地號等28筆土地都市更新事業計畫及權利變換計畫案,市府段二小段745地號,11,1723,事業暨權利變換計畫程序中
46,大同區,擬訂臺北市大同區延平段三小段302-4地號等11筆土地都市更新事業計畫案,"財政局：延平段三小段302-4地號
新工處：延平段三小段327-2地號",82,996,事業計畫程序中
47,大同區,擬訂臺北市大同區橋北段一小段463-7地號等48筆土地事業概要案,"財政局：橋北段一小段463-7、463-11、463-13、
595
新工處：463-10、638-1、640-
1、595-2",84,1732.29,事業概要核准
48,信義區,擬訂臺北市信義區逸仙段三小段38地號等9筆土地都市更新事業計畫及權利變換計畫案,"財政局:284-2地號
警察局:38、38-1地號
都發局:280-1、281、283-1、654地號",988,13747,事業計畫程序中
49,信義區,變更(第二次)臺北市信義區吳興段二小段247地號等2筆土地(原吳興街二期整宅地區)都市更新事業計畫及變更權利變換計畫案,都市更新處：吳興段二小段163-2、247地號(吳興街整宅),361,2119,權利變換計畫核定
50,信義區,變更(第二次)臺北市信義區逸仙段三小段34地號等6筆(原4筆)土地(原基隆路整宅B基地)都市更新事業計畫及權利變換計畫案,都市更新處：逸仙段三小段34(持分)、34-2、36地號,1237,2398,權利變換計畫核定
51,信義區,擬訂臺北市信義區逸仙段三小段32地號等5筆土地都市更新事業計畫及權利變換計畫案,"財政局：逸仙段三小段32(持分)、32-5(持分)、44(持分)地號
都市更新處：逸仙段三小段段32（持分）、32-2、32-5（持分）、32-6及44（持分）地號",1141,5662,事業暨權利變換計畫程序中
52,信義區,變更(第二次)臺北市信義區虎林段四小段38地號等138筆(原120筆)土地都市更新事業計畫及擬訂權利變換計畫案,虎林段四小段38、41地號,17,5693,權利變換計畫程序中
53,信義區,變更臺北市信義區雅祥段一小段578地號等15筆土地都市更新事業計畫及擬訂權利變換計畫案,雅祥段一小段597地號（113.9.2管變予都發局）,278,3948,權利變換計畫核定
54,信義區,擬訂臺北市信義區吳興段三小段171-3地號等200筆土地都市更新事業計畫案,"財政局：吳興段三小段572、535地號
新建工程處：吳興段三小段353-3、353-4、353-9、353-10、353-11、353-12、353-13、353-17、353-18、353-19、694-1地號",2378,8429,事業計畫程序中
55,信義區,擬訂臺北市信義區吳興段一小段330地號等43筆土地都市更新事業計畫及權利變換計畫案,吳興段一小段354-3地號,29,4706,事業暨權利變換計畫核定
56,信義區,擬訂臺北市信義區雅祥段四小段97地號等16筆土地都市更新事業計畫及權利變換計畫案,雅祥段四小段99地號,542,2153,事業暨權利變換計畫程序中
57,信義區,擬訂臺北市信義區雅祥段一小段6地號等16筆土地都市更新事業計畫及權利變換計畫案,雅祥段一小19、20、20-1、22、23、24及24-2地號,988,8850,事業暨權利變換計畫程序中
58,信義區,擬訂臺北市信義區三興段三小段412地號等14筆土地都市更新事業計畫及權利變換計畫案,停管處:三興段三小段412、412-1地號,197,1208,事業暨權利變換計畫程序中
59,信義區,擬訂臺北市信義區祥和段三小段32地號等46筆土地都市更新事業計畫及權利變換計畫案,"財政局：82、336-3(持分1/4)地號
水利處：130-6、130-8、336地號",482,5371,事業暨權利變換計畫程序中
60,信義區,擬訂臺北市信義區雅祥段三小段372地號等11筆土地都市更新事業計畫及權利變換計畫案,雅祥段三小段450地號,230,8100,事業暨權利變換計畫程序中
61,內湖區,擬訂臺北市內湖區文德段二小段231-3地號等4筆土地都市更新事業計畫案,文德段二小段232-4地號,1,3383,事業計畫程序中
62,內湖區,變更臺北市內湖區碧湖段四小段410地號等8筆(原4筆)土地都市更新事業計畫及權利變換計畫案,碧湖段四小段382、382-1地號,34,3067,權利變換計畫核定
63,內湖區,擬訂臺北市內湖區文德段四小段16地號等57筆土地都市更新事業計畫及權利變換計畫案,"財政局：文德段四小段37-8、200、及200-12地號
公園路燈工程管理處：文德段四小段21-4、25-4、26-10、26-11及35地號
新建工程處：文德段四小段21-10、37-1、37-2、37-3、39-5（持分）及200-2地號",1149,6894,事業暨權利變換計畫程序中
64,內湖區,擬訂臺北市內湖區康寧段二小段238地號等5筆土地都市更新事業計畫及權利變換計畫案,康寧段二小段241-2地號,4,594,事業暨權利變換計畫核定
65,內湖區,擬訂臺北市內湖區文德段二小段547-4地號等38筆土地都市更新事業計畫及權利變換計畫案,文德段二小段584、584-12、584-14、 584-15、586-10、586-19、586-21、586-22、586 -23、586-24、613-8地號,203,1057,事業暨權利變換計畫程序中
66,內湖區,擬訂臺北市內湖區康寧段三小段239-3地號等7筆土地都市更新事業計畫及權利變換計畫案,"本局：康寧段三小段239-3地號
臺北自來水事業處：康寧段三小段253-1地號",283,3449,事業暨權利變換計畫程序中
67,內湖區,變更臺北市內湖區碧湖段三小段1-2地號等12筆土地都市更新事業計畫及權利變換計畫案,都發局：碧湖段三小段22-8地號,749,1253,權利變換計畫核定
68,內湖區,擬訂臺北市內湖區康寧段三小段811地號等4筆土地都市更新事業計畫及權利變換計畫案,臺北自來水事業處：康寧段三小段820地號,246,539,事業暨權利變換計畫程序中
69,內湖區,擬訂臺北市內湖區碧湖段一小段395地號等15筆土地及碧湖段二小段135地號6筆土地都市更新事業計畫及權利變換計畫案,碧湖段一小段395地號,592,1240,事業暨權利變換計畫程序中
70,內湖區,擬訂臺北市內湖區西湖段一小段171地號等7筆土地都市更新事業計畫及權利變換計畫案,內湖區西湖段一小段315地號,347,1942,事業暨權利變換計畫程序中
71,內湖區,擬訂臺北市內湖區碧湖段三小段22-2地號等3筆土地都市更新事業計畫及權利變換計畫案,都發局：碧湖段三小段69、69-12地號,51,14544,事業暨權利變換計畫程序中
72,文山區,擬訂臺北市文山區興安段二小段40地號等24筆土地都市更新事業計畫及權利變換計畫案,興安段二小段41地號,207,2639,事業計畫程序中
73,文山區,變更(第二次)臺北市文山區萬隆段一小段53-20地號等73筆(原58筆)土地都市更新事業計畫案,萬隆段一小段171、181地號,281,3262,事業暨權利變換計畫核定
74,文山區,變更臺北市文山區萬隆段一小段188地號等12筆土地都市更新事業計畫及擬訂權利變換計畫案,"財政局：萬隆段一小段188地號
新建工程處：萬隆段一小段231、236(持分)地號",208,1164,權利變換計畫核定
75,文山區,擬訂臺北市文山區萬慶段二小段579地號等42筆(原45筆)土地都市更新事業計畫案,"財政局：萬慶段二小段590地號
新建工程處：萬慶段二小段579-1、584地號市有土地",33,4872,事業計畫核定
76,文山區,擬訂臺北市文山區興隆段三小段555-6地號等10筆土地都市更新權利變換計畫案,興隆段三小段555-6地號,112,1052,權利變換計畫程序中
77,文山區,擬訂臺北市文山區興泰段二小段205地號等35筆土地都市更新事業計畫案,興泰段二小段205地號,218,4104,事業計畫核定
78,文山區,擬訂臺北市文山區萬隆段一小段35地號等56筆土地都市更新事業計畫案,萬隆段一小段39、94地號,286,2248,事業計畫程序中
79,文山區,擬訂臺北市文山區興安段一小段187-1地號等26(原21筆)筆土地都市更新事業計畫及權利變換案,興安一小段274、281、281-1、286、287(持分1/2)、292(持分)地號,51,1757,事業暨權利變換計畫程序中
80,文山區,擬訂臺北市文山區華興段三小段25-1地號等25筆土地都市更新事業計畫及權利變換計畫案,華興段三小段41地號(部分面積),92,3391,事業暨權利變換計畫程序中
81,文山區,擬訂臺北市文山區興隆段四小段249-2地號等6筆（原5筆）土地都市更新事業計畫及權利變換計畫案,興隆段四小段212-2(持分)地號,1,2615,事業暨權利變換計畫程序中
82,士林區,擬訂臺北市士林區福順段一小段92地號等26筆土地都市更新事業計畫案,新工處：福順段一小段128地號,39,3649,事業計畫程序中
83,士林區,擬訂臺北市士林區光華段四小段508-7地號等34筆土地都市更新事業計畫及權利變換計畫案,"財政局:508-7、582、681-3
警察局:571
都發局:514-3、514-10、514-11、514-12、514-13、514-14、514-15、514-16、514-17、514-18、514-19、514-20、514-21、561-6、584(無償撥用國有地，共15筆)",2339,3256,事業暨權利變換計畫程序中
84,士林區,擬訂臺北市士林區光華段一小段589地號等8筆（原9筆）土地都市更新事業計畫及權利變換計畫案,財政局:629地號,7,1499,事業暨權利變換計畫程序中
85,士林區,擬訂臺北市士林區芝山段二小段912地號等26筆(原25筆)土地都市更新事業計畫案,公共運輸處：芝山段二小段1032地號,820,2936,事業計畫程序中
86,士林區,擬訂臺北市士林區芝山段三小段349地號等19筆土地都市更新事業計畫案,"財政局：芝山段三小段349、350地號
財政局：芝山段三小段373地號(持分20248/115800)
社會局：芝山段三小段373地號(持分8978/115800)
稅捐稽徵處：芝山段三小段373地號(持分53106/115800)
公園路燈工程管理處:芝山段三小段373地號(持分33468/115800)
",1240,2814,事業計畫程序中
87,士林區,擬訂臺北市士林區芝山段二小段166地號等11筆土地都市更新事業計畫及權利變換計畫案,芝山段二小段334地號,67,1669,事業暨權利變換計畫程序中
88,士林區,擬訂臺北市士林區永新段三小段395地號1筆土地都市更新事業計畫案,警察局：永新段三小段395地號,1950,1950,事業計畫核定
89,士林區,擬訂臺北市士林區天山段二小段121地號等5筆土地都市更新事業計畫及權利變換計畫案 ,天山段二小段121、137、139地號,218,1323,事業暨權利變換計畫核定
90,士林區,擬訂臺北市士林區天山段二小段116地號等4筆土地都市更新事業計畫及權利變換計畫案,水利工程處：天山段二小段139-1地號,83,3151,事業暨權利變換計畫程序中
91,士林區,擬訂臺北市士林區福順段三小段18地號等18筆土地都市更新事業計畫及權利變換計畫案,福順三小段30、30-1地號,31,1343,事業暨權利變換計畫核定
92,士林區,變更(第二次)臺北市士林區福順段一小段347地號等16筆土地都市更新權利變換計畫案,新工處：福順段一小段374地號(道路用地抵充),27,1260,權利變換計畫核定
93,士林區,擬訂臺北市士林區蘭雅段二小段454地號等12筆土地都市更新事業計畫案,蘭雅段二小段460-3地號,2,1148,事業計畫程序中
94,士林區,擬訂臺北市士林區三玉段一小段207地號等21筆土地都市更新事業計畫案,三玉段一小段216-1地號,70,2220,事業計畫程序中
95,士林區,擬訂臺北市士林區福林段三小段217-3地號等17筆土地都市更新事業計畫及權利變換計畫案,福林段三小段217-3、218-3、219-3地號,81,2496,事業暨權利變換計畫程序中
96,士林區,擬訂臺北市士林區芝山段二小段961-1地號等30筆土地都市更新事業計畫及權利變換計畫案,芝山段二小段971地號,7,1687,事業暨權利變換計畫程序中
97,士林區,擬訂臺北市士林區百齡段五小段35-6地號等39筆土地都市更新事業計畫及權利變換計畫案,百齡段五小段35-6地號,20,3241,事業暨權利變換計畫程序中
98,士林區,擬訂臺北市士林區蘭雅段三小段698-12地號等4筆土地都市更新事業計畫案,蘭雅段三小段698-12地號,1,3291,事業計畫程序中
99,北投區,變更臺北市北投區振興段三小段707地號等59筆(原57筆)土地都市更新事業計畫案及擬訂權利變換計畫案,振興段三小段711-2、711-3地號,75,3888,權利變換計畫程序中
100,北投區,變更臺北市北投區振興段一小段2-6地號等101筆土地都市更新事業計畫及擬訂權利變換計畫案,振興段一小段2-6、2-12、2-18、382-4、494-2地號,852,10095,權利變換計畫程序中
101,北投區,變更(第二次)臺北市北投區大業段三小段314地號等21筆土地都市更新事業計畫及變更(第一次)權利變換計畫案,大業段三小段331、331-2、362-1地號,143,1693,事業暨權利變換計畫核定
102,北投區,擬訂臺北市北投區立農段五小段643-1地號等13筆(原10筆)土地都市更新事業計畫案,立農段五小段643-1、652、652-3地號,476,1716,事業計畫核定
103,北投區,擬訂臺北市北投區開明段二小段116地號等43筆土地都市更新事業計畫案,開明段二小段155地號,195,5300,事業計畫程序中
104,北投區,擬訂臺北市北投區開明段二小段180地號等21筆土地都市更新事業計畫及權利變換計畫案,開明段二小段180、194地號,350,4215,事業暨權利變換計畫程序中
105,北投區,擬訂臺北市北投區關渡段二小段303地號等5筆土地都市更新權利變換計畫案,關渡段二小段335-6地號,100,1096,權利變換計畫核定
106,北投區,變更臺北市北投區新民段二小段297地號等9筆土地都市更新事業計畫及權利變換計畫案,新民段二小段509-8、509-16地號,79,2060,事業暨權利變換計畫核定
107,北投區,變更臺北市北投區文林段三小段838-1地號等7筆土地都市更新事業計畫及權利變換計畫案,文林段三小段838-1地號,110,789,事業暨權利變換計畫核定
108,北投區,擬訂臺北市北投區桃源段五小段69-2地號等34筆土地都市更新事業計畫及權利變換計畫案,桃源段五小段110地號,70,5742,事業暨權利變換計畫程序中
109,北投區,擬訂臺北市北投區崇仰段四小段517-1地號等27筆土地都市更新事業計畫案,新建工程處：崇仰段四小段551-3（持分）、551-4（持分）、551-5（持分）、551-6（持分）、657、658-1（持分）、663-1（持分）、688（持分）地號,79,4720,事業計畫核定
110,北投區,擬訂臺北市北投區立農段五小段374-1地號等44筆土地都市更新權利變換計畫案,新建工程處：立農段五小段439-2、441-1、442-1、443-1、444-1、445、446-1、448、466-1、467-1地號,67,3894,權利變換計畫程序中
111,北投區,擬訂臺北市北投區桃源段二小段412地號等9筆土地都市更新事業計畫及權利變換計畫案,桃源段二小段416地號,95,1148,事業暨權利變換計畫核定
112,北投區,擬訂臺北市北投區行義段三小段572地號等4筆土地都市更新事業計畫及權利變換計畫案,行義段三小段572地號,2,978,事業暨權利變換計畫程序中
113,北投區,擬訂臺北市北投區奇岩段五小段495地號等24筆土地都市更新事業計畫及權利變換計畫案,"財政局:奇岩段五小段495、523、523-1、523-3、533、533-1、533-2、533-4、534、534-1、548、548-1、548-2及548-4地號
公園處:奇岩段五小段495-5、522-2地號",1230,20652,事業暨權利變換計畫核定
114,北投區,擬訂臺北市北投區文林段一小段436-1地號等23筆土地都市更新事業計畫及權利變換計畫案,文林段一小段462地號,52,1320,事業暨權利變換計畫程序中
115,北投區,擬訂臺北市北投區振興段三小段969-1地號等12筆土地都市更新事業計畫案,振興段三小段999、999-1地號,216,1428,事業計畫程序中
116,北投區,擬訂臺北市北投區豐年段四小段365-2地號等28筆土地都市更新事業計畫案,豐年段四小段674、687-1地號,493,3415,事業計畫程序中
117,北投區,擬訂臺北市北投區豐年段四小段479-2地號等3筆土地都市更新事業計畫及權利變換計畫案,豐年段四小段479-2地號,9,1914,事業暨權利變換計畫程序中
118,北投區,擬訂臺北市北投區振興段二小段60地號等22筆土地都市更新事業計畫及權利變換計畫案,振興段二小段73地號,129,3735,事業暨權利變換計畫程序中
119,中山區,變更臺北市中山區長春段一小段35地號等35筆土地都市更新事業計畫案及擬訂權利變換計畫案,長春段一小段23、23-1、30、30-1、30-2、30-3、30-4、30-5、30-6、30-7地號,419,6560,權利變換計畫程序中
120,中山區,擬訂臺北市中山區吉林段四小段435-1地號等18筆土地都市更新事業計畫案,吉林段四小段435-1(持分)、435-7(持分)地號,13,1680,事業計畫程序中
121,中山區,變更臺北市中山區吉林段四小段705-3地號等14筆土地都市更新事業計畫及權利變換計畫案,吉林段四小段705-3、879-1地號,703,1699,事業暨權利變換計畫核定
122,中山區,擬訂臺北市中山區長春段二小段626地號等24筆(原20筆)土地都市更新事業計畫及權利變換計畫案,長春段二小段625-1、625-2及625-3地號,14,791,事業暨權利變換計畫核定
123,中山區,變更臺北市中山區長春段一小段172-6地號等14筆土地都市更新事業計畫及權利變換計畫案,都市發展局：長春段一小段178-3地號,223,1353,權利變換計畫核定
124,中山區,擬訂臺北市中山區中山段二小段221-1地號等12筆土地都市更新事業計畫案,中山段二小段221-1、241-1地號,9,1085,事業計畫程序中
125,中山區,變更臺北市中山區榮星段五小段634-6地號等15筆土地都市更新事業計畫及擬訂權利變換計畫案,榮星段五小段715、715-4、718地號,284,1568,權利變換計畫程序中
126,中山區,擬訂臺北市中山區長春段二小段773地號等16筆土地都市更新事業計畫案,新工處：長春段二小段775-1(部分)、778-1(部分)地號,1,2875,事業計畫程序中
127,中山區,擬訂臺北市中山區北安段二小段470-2地號等9筆（原6筆）土地都市更新事業計畫及權利變換計畫案,北安段二小段477地號,37,3443,事業暨權利變換計畫程序中
128,中山區,擬訂臺北市中山區長春段二小段852地號21筆土地都市更新事業計畫及權利變換畫案,長春段二小段867、868及871地號,19,1242,事業暨權利變換計畫程序中
129,中山區,擬訂臺北市中山區正義段四小段353地號等10筆土地都市更新事業計畫案,正義段四小段429-3地號,334,1018,事業計畫程序中
130,中山區,擬訂臺北市中山區正義段三小段680地號等58筆土地都市更新事業計畫及權利變換計畫案,新工處：正義段三小段706-2地號,123,2755,事業暨權利變換計畫程序中
131,大安區,擬訂臺北市大安區辛亥段四小段61地號等28筆土地都市更新事業計畫及權利變換計畫案,"辛亥段四小段79地號
",329,5120,事業暨權利變換計畫核定
132,大安區,擬訂臺北市大安區懷生段一小段44地號等14筆土地都市更新事業計畫及權利變換計畫案,懷生段一小段57-1、57-4地號,19,899,事業暨權利變換計畫程序中
133,大安區,變更臺北市大安區龍泉段一小段393地號等18筆（原17筆）土地都市更新事業計畫及擬訂權利變換計畫案,龍泉段一小段393地號,42,3031,權利變換計畫程序中
134,大安區,擬訂臺北市大安區龍泉段二小段771地號等27筆土地都市更新權利變換計畫案,龍泉段二小段908、908-3地號,34,1945,權利變換計畫核定
135,大安區,擬訂臺北市大安區通化段六小段497地號等22筆土地都市更新權利變換計畫案,通化段六小段511地號,62,2047,權利變換計畫程序中
136,大安區,擬訂臺北市大安區大安段一小段267地號等22筆土地都市更新事業計畫案,"稅捐處：大安段一小段326地號（持分1/3）
都發局：大安段一小段330地號（持分1/3）",38,3384,權利變換計畫程序中
137,大安區,擬訂臺北市大安區通化段四小段508地號等12筆土地都市更新事業計畫案,"財政局:通化段四小段524、524-1、525地號
警察局:通化段四小段525-1地號",861,2676,事業計畫程序中
138,大安區,擬訂臺北市大安區學府段一小段201地號等31筆土地都市更新事業計畫及權利變換計畫案,新工處:學府段一小段229、238、201、201-1、224地號,194,7179,事業暨權利變換計畫程序中
139,大安區,擬訂臺北市大安區仁愛段一小段607-4地號等64筆土地都市更新事業計畫案,新工處：仁愛段一小段714-1、716、720、730、730-2、733、734-1、734-2、 735、736、737-1、738、739- 1、741、742 -1、743 地號(皆為持分),29,6650,事業計畫程序中
140,大安區,擬訂臺北市大安區復興段一小段18-4地號等12筆土地都市更新事業計畫及權利變換計畫案,復興段一小段139-2地號,43,989,事業暨權利變換計畫程序中
141,大安區,擬訂臺北市大安區復興段二小段9地號等4筆土地都市更新事業計畫及權利變換計畫案,復興段二小段29-5、29-6地號,0,3109,事業暨權利變換計畫程序中
142,大安區,擬訂臺北市大安區通化段五小段191-4地號等24筆土地都市更新事業計畫案,新工處：辛亥段五小段446-1地號,7,1284,事業計畫程序中
143,大安區,擬訂臺北市大安區大安段一小段344地號等11筆土地都市更新事業計畫案,大安段一小段356地號,37,1240,事業計畫程序中
144,,擬訂臺北市大安區大安段一小段344地號等11筆土地都市更新事業計畫及權利變換計畫案,大安段一小段356地號,37,1240,事業暨權利變換計畫程序中
145,大安區,擬訂臺北市大安區龍泉段一小段566-2地號等2筆土地都市更新事業計畫案,龍泉段一小段566-2地號,112,1083,事業計畫程序中
146,萬華區,擬訂臺北市萬華區龍山段一小段335-1地號等17筆土地都市更新事業計畫及權利變換計畫案,龍山段一小段346-1、348-1、357-3地號,13,1407,事業暨權利變換計畫核定
147,萬華區,擬訂臺北市萬華區莒光段四小段988-1地號等59筆土地都市更新事業計畫案,警察局：莒光段四小段997地號,1258,3842,事業計畫核定
148,萬華區,擬訂臺北市萬華區華江段三小段568-8地號等3筆土地及莒光段四小段2-2地號等55筆土地(共計58筆土地)都市更新事業計畫暨權利變換計畫案,莒光段四小段53-4、53-17、53-19地號,54,6172,事業暨權利變換計畫程序中
149,萬華區,擬訂臺北市萬華區青年段一小段130地號等3筆土地都市更新事業計畫案,青年段一小段136地號,406,2232,事業計畫程序中
150,萬華區,擬訂臺北市萬華區青年段一小段136-3地號等4筆土地都市更新事業計畫案,"財政局:青年段一小段136-3地號
都發局:青年段一小段138地號",662,3839,事業計畫程序中
151,萬華區,擬訂臺北市萬華區青年段一小段132地號等15筆土地都市更新事業計畫案,財政局:青年段一小段136-1、136-2、136-4、136-5、137地號                    都發局:青年段一小段134地號（持分）,3199,18219,事業計畫程序中
152,萬華區,擬訂臺北市萬華區莒光段四小段57-2地號等34筆土地都市更新事業計畫及權利變換計畫案,莒光段四小段60-1地號,88,1706,事業暨權利變換計畫核定
153,萬華區,擬訂臺北市萬華區福星段四小段393-1地號等18筆土地都市更新事業計畫及權利變換計畫案,福星段四小段393-1(持分)、407地號,20,842,事業暨權利變換計畫程序中
154,萬華區,擬訂臺北市萬華區華江段三小段586-4地號等16筆土地都市更新事業計畫及權利變換計畫案,華江段三小段586-4地號,230,3571,事業暨權利變換計畫程序中
155,萬華區,擬訂臺北市萬華區萬華段一小段322地號等3筆土地都市更新事業計畫及權利變換計畫案,稅捐稽徵處：萬華段一小段322、323、324(及地上區分所有建物),284,1003,事業暨權利變換計畫程序中
156,萬華區,擬訂臺北市萬華區直興段二小段441地號等24筆土地（原18筆）都市更新事業計畫案,新建工程處:直興二小段461-1地號,1,1970,權利變換計畫程序中
157,萬華區,擬訂臺北市萬華區莒光段三小段155地號等7筆土地都市更新事業計畫及權利變換計畫案,莒光段三小段240-12地號(部分),49,1691,事業暨權利變換計畫程序中
158,萬華區,擬訂臺北市萬華區莒光段二小段631地號等12筆土地都市更新事業計畫及權利變換計畫案,莒光段二小段640、640-2地號,121,1776,事業暨權利變換計畫程序中
159,萬華區,擬訂臺北市萬華區直興段二小段138-2地號等37筆土地都市更新事業計畫案,直興二小段138-2地號,8,2745,事業計畫程序中
160,萬華區,擬訂臺北市萬華區直興段二小段525-1地號等43筆土地都市更新事業計畫及權利變換計畫案,"財政局：直興段二小段685地號
消防局：直興段二小段710-1、710-4地號",89,1729,事業暨權利變換計畫程序中
161,萬華區,擬訂臺北市萬華區華江段一小段250-3地號等34筆土地都市更新事業計畫及權利變換計畫案,華江段一小段250-4、250-5、319地號,29,1508,事業暨權利變換計畫程序中
162,萬華區,擬訂臺北市萬華區莒光段二小段809-2地號等12筆土地都市更新事業計畫及權利變換計畫案,莒光段二小段810-5地號,27,586,事業計畫程序中
163,萬華區,擬訂臺北市萬華區萬華段二小段118-3地號等29筆土地都市更新事業計畫案,萬華段二小段213、222、216-1、217-1、216、217,426,2042,事業計畫程序中
164,萬華區,擬訂臺北市萬華區華江段一小段671地號等16筆土地都市更新事業計畫,華江段一小段688-1地號,3,1428,事業計畫程序中
165,南港區,變更臺北市南港區南港段一小段366地號等21筆土地都市更新事業計畫及擬訂權利變換計畫案,南港段一小段373、375-6(持分1/5)地號,610,5372,權利變換計畫核定
166,南港區,擬訂臺北市南港區玉成段三小段351-2地號等7筆土地都市更新事業計畫案,玉成段三小段404-1地號,335,1339,事業計畫核定
167,南港區,變更臺北市南港區南港段二小段378地號等27筆土地都市更新事業計畫及權利變換計畫案,"財政局：南港段二小段390、390-3地號
新建工程處：南港段二小段472、473地號",57,3146,權利變換計畫核定
168,南港區,變更臺北市南港區南港段一小段601地號等25筆土地都市更新事業計畫案,"財政局:南港段一小段604-1地號
南港區公所:南港段一小段605-1地號",441,6500,事業計畫核定
169,南港區,擬訂臺北市南港區南港段三小段5-1地號等3筆土地及南港段四小段10地號等41筆土地（共計44筆土地）都市更新事業計畫案,南港段三小段5-10、5-11地號,4,3280,事業計畫程序中
170,南港區,擬訂臺北市南港區新光段二小段134地號等13筆(原10筆)土地都市更新權利變換計畫案,新光段二小段141地號,30,2967,權利變換計畫核定
171,南港區,擬訂臺北市南港區玉成段三小段560地號等5筆土地都市更新事業計畫及權利變換計畫,玉成段三小段560地號,44,17588,事業暨權利變換計畫核定
172,南港區,擬訂臺北市南港區南港段一小段645-1地號等69筆(原61筆土地及經貿段65地號)土地都市更新事業計畫,財政局:南港段一小段673地號,46,2637.47(A區),事業計畫程序中
173,南港區,擬訂臺北市南港區玉成段四小段499地號等26筆土地都市更新事業計畫及權利變換計畫案,玉成段四小段527（持分117/360）、527-3（持分117/360）、528地號,5,2453,事業暨權利變換計畫程序中
174,南港區,擬訂臺北市南港區中南段二小段537地號等12筆土地都市更新事業計畫案,中南段二小段538、541地號,35,1042,事業計畫程序中
175,南港區,擬訂臺北市南港區玉成段二小段600地號等41筆土地都市更新事業計畫及權利變換計畫案,"財政局：玉成段二小段642、643地號
新建工程處：玉成段二小段644地號",46,4438,事業暨權利變換計畫程序中
176,松山區,變更（第二次）臺北市松山區寶清段二小段353-2地號等21筆土地都市更新事業計畫及權利變換計畫案,新建工程處：寶清段二小段372-1(1/2)、376-1(1/2)、384-1地號等3筆,105,3209,事業暨權利變換計畫核定
177,松山區,擬訂臺北市松山區寶清段一小段51-32地號等74筆土地都市更新事業計畫案,新建工程處：寶清段一小段49-1地號,191,11114,事業計畫程序中
178,松山區,變更臺北市松山區寶清段二小段155地號等24筆(原25筆)土地都市更新事業計畫案,寶清段二小段167-1、173、175、178地號,195,1637,事業暨權利變換計畫核定
179,松山區,擬定臺北市松山區敦化段一小段385地號等8筆(原7筆)土地都市更新事業計畫及權利變換計畫案,新建工程處:敦化段一小段393地號(持份1/2),70,4225,事業暨權利變換計畫核定
180,松山區,擬訂臺北市松山區敦化段一小段709-1地號等4筆土地都市更新事業計畫及權利變換計畫案,敦化段一小段709-2地號,6,897,事業暨權利變換計畫程序中
181,松山區,擬訂臺北市松山區寶清段六小段121地號等17筆土地都市更新事業計畫及權利變換計畫案,寶慶路六小段128、128-7、128-8地號,77,2087,事業暨權利變換計畫程序中
182,松山區,擬訂臺北市松山區敦化段一小段619-2地號等7筆土地都市更新事業計畫及權利變換計畫案,敦化段一小段619-2地號,1,2706,事業暨權利變換計畫程序中
183,"新北市
永和區",變更新北市永和區光?街東側都市更新單元?市?新單元事業計畫及擬訂權利變換計畫案,永和區中正段293(持分)、294(持分)、296(持分)地號,7,5358,權利變換計畫核定
184,"新北市
永和區",變更新北市永和區信義段435地號等39筆土地都市更新事業計畫及擬訂權利變換計畫案,永和區信義段488、490地號,262,3246,權利變換計畫核定
185,"新北市
永和區",擬訂新北市永和區保福段1-1地號等3筆土地及頂溪段226-15地號等134筆〈原129筆〉土地都市更新事業計畫暨權利變換計畫案 (單元6),頂溪段344-1地號,670,11250,事業暨權利變換計畫核定
186,"新北市
永和區",擬訂新北市永和區頂溪段75地號等263筆土地都市更新事業計畫暨權利變換計畫案 (單元7),頂溪段344地號,189,13404,事業暨權利變換計畫程序中
187,"新北市
永和區",擬訂新北市永和區國光段422地號等15筆土地都市更新事業計畫及權利變換計畫案,國光段427、428地號,324,1550,事業暨權利變換計畫程序中
188,"新北市
三重區",變更新北市三重區成功段755地號等28筆土地都市更新事業計畫及擬訂權利變換計畫案,公共運輸處：三重區成功段737、738、738-1、755、756、761、762、763、764、765、768及769地號,2263,3285,權利變換計畫核定
189,"新北市
新店區",擬訂新店市新店區廣明段758地號等49筆土地?市?新事業計畫案,新店區廣明段789(持分1/4)地號,2,5821,事業計畫程序中
190,"新北市
新店區",擬訂新店區中華段865地號等40筆土地都市更新事業計畫案,捷運局：中華段867-2、911地號,252,9418,事業計畫程序中
191,"新北市
新莊區",擬訂新北市新莊區青山段526地號等43筆土地都市更新事業計畫案,捷運局：新莊區青山段534、542地號(原頂坡角段頂坡角小段289-58、289-59地號),29,7191,事業計畫核定
192,"新北市
中和區",變更新北市中和區圓通段337地號等24筆土地都市更新權利變換案,中和區圓通段338、339、341(338地號等3筆土地持分各1/14)，351、351-2(351地號等2筆土地持分各3729/70000),23,4712,權利變換計畫核定
193,"新北市
中和區",變更新北市中和區南山段848地號等10筆土地都市更新事業計畫及擬訂權利變換計畫案,南山段806地號,52,3651,權利變換計畫程序中
194,"新北市
板橋區",擬訂新北市板橋區江子翠段第二嵌小段187地號等5筆土地都市更新事業計畫案,環境保護局：板橋區江子翠段第二嵌小段189-3地號,1570,3523,事業計畫核定
195,"新北市
板橋區",擬訂新北市板橋區江子翠段第二嵌小段193地號等9筆土地都市更新權利變換計畫案,板橋區江子翠段第二嵌小段189地號,915,2096,權利變換計畫核定
196,"新北市
板橋區",擬訂新北市板橋區成功段490地號等10筆土地都市更新事業計畫案,板橋區成功段494地號,12,1757,事業計畫程序中
197,"新北市
林口區",擬訂新北市林口區麗林二段1地號等63筆土地都市更新事業計畫案,麗林二段51、52地號   (各為1/2),1270,34111,事業計畫程序中
