公告日期,標案名稱,土地標示,面積_㎡,房屋標示,面積_㎡,建物門牌,標售底標金額,得標價,後續處理
1030103,公開標售臺北市士林區福林路100巷11弄57號4樓等20戶市有房地,士林區福林段二小段594地號,66.84,士林區福林段二小段20209建號（含共同使用部分及停車位編號117）,172.32,士林區福林路100巷11弄57號4樓,34121800,38710000,已標脫
1030103,公開標售臺北市士林區福林路100巷11弄57號4樓等20戶市有房地,士林區福林段二小段594地號,66.84,士林區福林段二小段20219建號（含共同使用部分及停車位編號162）,172.32,士林區福林路100巷11弄55號7樓,35145700,36260000,已標脫
1030103,公開標售臺北市士林區福林路100巷11弄57號4樓等20戶市有房地,士林區福林段二小段594地號,66.84,士林區福林段二小段20223建號（含共同使用部分及停車位編號150）,169.95,士林區福林路100巷11弄53號4樓,35594500,41600000,已標脫
1030103,公開標售臺北市士林區福林路100巷11弄57號4樓等20戶市有房地,士林區福林段二小段594地號,66.84,士林區福林段二小段20226建號（含共同使用部分及停車位編號145）,169.95,士林區福林路100巷11弄53號7樓,34601100,37080000,已標脫
1030103,公開標售臺北市士林區福林路100巷11弄57號4樓等20戶市有房地,士林區福林段二小段594地號,66.84,士林區福林段二小段20244建號（含共同使用部分及停車位編號135）,169.95,士林區福林路100巷77弄21號4樓,33776000,38140000,已標脫
1030103,公開標售臺北市士林區福林路100巷11弄57號4樓等20戶市有房地,士林區福林段二小段594地號,66.84,士林區福林段二小段20275建號（含共同使用部分及停車位編號104）,169.95,士林區福林路100巷77弄13號7樓,35220400,38888889,已標脫
1030103,公開標售臺北市士林區福林路100巷11弄57號4樓等20戶市有房地,士林區福林段二小段594地號,66.84,士林區福林段二小段20300建號（含共同使用部分及停車位編號72）,169.95,士林區福林路100巷77弄5號4樓,33776000,34388999,已標脫
1030103,公開標售臺北市士林區福林路100巷11弄57號4樓等20戶市有房地,士林區福林段二小段594地號,66.84,士林區福林段二小段20307建號（含共同使用部分及停車位編號58）,169.95,士林區福林路100巷77弄3號4樓,33776000,34688800,已標脫
1030103,公開標售臺北市士林區福林路100巷11弄57號4樓等20戶市有房地,士林區福林段二小段594地號,82.14,士林區福林段二小段20333建號（含共同使用部分及停車位編號36）,212.86,士林區福林路100巷76弄2號之1,43278500,43851000,已標脫
1030103,公開標售臺北市士林區福林路100巷11弄57號4樓等20戶市有房地,士林區福林段二小段594地號,82.14,士林區福林段二小段20338建號（含共同使用部分及停車位編號75）,212.86,士林區福林路7號70樓之1,44171700,45660000,已標脫
1030103,公開標售臺北市士林區福林路100巷11弄57號4樓等20戶市有房地,士林區福林段二小段594地號,82.88,士林區福林段二小段20339建號（含共同使用部分及停車位編號13）,214.91,士林區福林路70號2樓之2,44680000,─,再標售
1030103,公開標售臺北市士林區福林路100巷11弄57號4樓等20戶市有房地,士林區福林段二小段594地號,82.88,士林區福林段二小段20340建號（含共同使用部分及停車位編號14）,214.91,士林區福林路70號3樓之2,44232000,─,再標售
1030103,公開標售臺北市士林區福林路100巷11弄57號4樓等20戶市有房地,士林區福林段二小段594地號,82.88,士林區福林段二小段20342建號（含共同使用部分及停車位編號16）,214.91,士林區福林路100巷70號5樓之2,44232000,─,再標售
1030103,公開標售臺北市士林區福林路100巷11弄57號4樓等20戶市有房地,士林區福林段二小段594地號,82.88,士林區福林段二小段20344建號（含共同使用部分及停車位編號27）,214.91,士林區福林路100巷70號7樓之2,44926900,49999999,已標脫
1030103,公開標售臺北市士林區福林路100巷11弄57號4樓等20戶市有房地,士林區福林段二小段594地號,82.14,士林區福林段二小段20345建號（含共同使用部分及停車位編號56）,212.85,士林區福林路100巷72號,42438600,─,再標售
1030103,公開標售臺北市士林區福林路100巷11弄57號4樓等20戶市有房地,士林區福林段二小段594地號,82.14,士林區福林段二小段20347建號（含共同使用部分及停車位編號54）,212.86,士林區福林路100巷70號3樓之1,43278500,43880000,已標脫
1030103,公開標售臺北市士林區福林路100巷11弄57號4樓等20戶市有房地,士林區福林段二小段594地號,82.14,士林區福林段二小段20348建號（含共同使用部分及停車位編號38）,212.86,士林區福林路100巷70號4樓之1,42883100,─,再標售
1030103,公開標售臺北市士林區福林路100巷11弄57號4樓等20戶市有房地,士林區福林段二小段594地號,82.14,士林區福林段二小段20350建號（含共同使用部分及停車位編號43）,212.86,士林區福林路100巷70號6樓之1,43673900,49360000,已標脫
1030103,公開標售臺北市士林區福林路100巷11弄57號4樓等20戶市有房地,士林區福林段二小段594地號,83.47,士林區福林段二小段20352建號（含共同使用部分及停車位編號44）,216.41,士林區福林路100巷70號,43376600,44376600,已標脫
1030103,公開標售臺北市士林區福林路100巷11弄57號4樓等20戶市有房地,士林區福林段二小段594地號,83.47,士林區福林段二小段20356建號（含共同使用部分及停車位編號46）,216.42,士林區福林路100巷70號5樓,44487200,45678901,已標脫
1030103,公開標售臺北市士林區福林路100巷11弄57號4樓等20戶市有房地,新竹縣竹北市水瀧段1517地號,202.94,,,,35291266,40080000,已標脫
1030123,公開標售臺北市士林區福林路100巷70號2樓之2等5戶市有房地,士林區福林段二小段594地號,82.88,士林區福林段二小段20339建號（含共同使用部分及停車位編號13）,214.91,士林區福林路70號2樓之2,44680000,─,再標售
1030123,公開標售臺北市士林區福林路100巷70號2樓之2等5戶市有房地,士林區福林段二小段594地號,82.88,士林區福林段二小段20340建號（含共同使用部分及停車位編號14）,214.91,士林區福林路70號3樓之2,44232000,─,再標售
1030123,公開標售臺北市士林區福林路100巷70號2樓之2等5戶市有房地,士林區福林段二小段594地號,82.88,士林區福林段二小段20342建號（含共同使用部分及停車位編號16）,214.91,士林區福林路100巷70號5樓之2,44232000,45800000,已標脫
1030123,公開標售臺北市士林區福林路100巷70號2樓之2等5戶市有房地,士林區福林段二小段594地號,82.14,士林區福林段二小段20345建號（含共同使用部分及停車位編號56）,212.85,臺北市士林區福林路100巷72號,42438600,42678600,已標脫
1030123,公開標售臺北市士林區福林路100巷70號2樓之2等5戶市有房地,士林區福林段二小段594地號,82.14,士林區福林段二小段20348建號（含共同使用部分及停車位編號38）,212.86,士林區福林路100巷70號4樓之1,42883100,43199999,已標脫
1030411,公開標售臺北市信義區永吉路30巷101弄23號4樓等25戶市有房地,信義區雅祥段三小段790地號,43.73,信義區雅祥段三小段2442建號（含共同使用部分及停車位編號32、84）,324,信義區永吉路30巷101弄23號4樓,85670000,─,再標售
1030411,公開標售臺北市信義區永吉路30巷101弄23號4樓等25戶市有房地,信義區雅祥段三小段790地號,28.37,信義區雅祥段三小段2443建號（含共同使用部分及停車位編號30）,197.19,信義區永吉路30巷101弄31號2樓,56150000,─,再標售
1030411,公開標售臺北市信義區永吉路30巷101弄23號4樓等25戶市有房地,信義區雅祥段三小段790地號,28.16,信義區雅祥段三小段2444建號（含共同使用部分及停車位編號31、148）,196.03,信義區永吉路30巷101弄29號2樓,58150000,58889990,已標脫
1030411,公開標售臺北市信義區永吉路30巷101弄23號4樓等25戶市有房地,信義區雅祥段三小段790地號,28.37,信義區雅祥段三小段2445建號（含共同使用部分及停車位編號42、147）,197.19,信義區永吉路30巷101弄31號3樓,58530000,─,再標售
1030411,公開標售臺北市信義區永吉路30巷101弄23號4樓等25戶市有房地,信義區雅祥段三小段790地號,28.16,信義區雅祥段三小段2446建號（含共同使用部分及停車位編號41、136）,197.19,信義區永吉路30巷101弄29號3樓,58530000,58800000,已標脫
1030411,公開標售臺北市信義區永吉路30巷101弄23號4樓等25戶市有房地,信義區雅祥段三小段790地號,28.16,信義區雅祥段三小段2447建號（含共同使用部分及停車位編號19、137）,202.54,信義區永吉路30巷101弄31號4樓,58210000,─,再標售
1030411,公開標售臺北市信義區永吉路30巷101弄23號4樓等25戶市有房地,信義區雅祥段三小段790地號,28.66,信義區雅祥段三小段2448建號（含共同使用部分及停車位編號24、134）,201.38,信義區永吉路30巷101弄29號4樓,57320000,63280000,已標脫
1030411,公開標售臺北市信義區永吉路30巷101弄23號4樓等25戶市有房地,信義區雅祥段三小段790地號,28.86,信義區雅祥段三小段2449建號（含共同使用部分及停車位編號29、139）,202.54,信義區永吉路30巷101弄31號5樓,58930000,65000000,已標脫
1030411,公開標售臺北市信義區永吉路30巷101弄23號4樓等25戶市有房地,信義區雅祥段三小段790地號,28.66,信義區雅祥段三小段2450建號（含共同使用部分及停車位編號20、135）,201.38,信義區永吉路30巷101弄29號5樓,59510000,59889990,已標脫
1030411,公開標售臺北市信義區永吉路30巷101弄23號4樓等25戶市有房地,信義區雅祥段三小段790地號,28.86,信義區雅祥段三小段2451建號（含共同使用部分及停車位編號21、141）,202.54,信義區永吉路30巷101弄31號6樓,59510000,60888990,已標脫
1030411,公開標售臺北市信義區永吉路30巷101弄23號4樓等25戶市有房地,信義區雅祥段三小段790地號,28.66,信義區雅祥段三小段2452建號（含共同使用部分及停車位編號22、140）,201.38,信義區永吉路30巷101弄29號6樓,60090000,60090000,已標脫
1030411,公開標售臺北市信義區永吉路30巷101弄23號4樓等25戶市有房地,信義區雅祥段三小段790地號,28.86,信義區雅祥段三小段2453建號（含共同使用部分及停車位編號23、138）,202.54,信義區永吉路30巷101弄31號7樓,61520000,61520000,已標脫
1030411,公開標售臺北市信義區永吉路30巷101弄23號4樓等25戶市有房地,信義區雅祥段三小段790地號,28.66,信義區雅祥段三小段2454建號（含共同使用部分及停車位編號25、196）,201.38,信義區永吉路30巷101弄29號7樓,60710000,60710000,已標脫
1030411,公開標售臺北市信義區永吉路30巷101弄23號4樓等25戶市有房地,信義區雅祥段三小段790地號,28.86,信義區雅祥段三小段2455建號（含共同使用部分及停車位編號26、197）,202.54,信義區永吉路30巷101弄31號8樓,62130000,62130000,已標脫
1030411,公開標售臺北市信義區永吉路30巷101弄23號4樓等25戶市有房地,信義區雅祥段三小段790地號,28.66,信義區雅祥段三小段2456建號（含共同使用部分及停車位編號28、195）,201.38,信義區永吉路30巷101弄29號8樓,61230000,61230000,已標脫
1030411,公開標售臺北市信義區永吉路30巷101弄23號4樓等25戶市有房地,信義區雅祥段三小段790地號,28.86,信義區雅祥段三小段2457建號（含共同使用部分及停車位編號104、226）,202.54,信義區永吉路30巷101弄31號9樓,62750000,─,再標售
1030411,公開標售臺北市信義區永吉路30巷101弄23號4樓等25戶市有房地,信義區雅祥段三小段790地號,28.66,信義區雅祥段三小段2458建號（含共同使用部分及停車位編號127、194）,201.38,信義區永吉路30巷101弄29號9樓,61830000,61830000,已標脫
1030411,公開標售臺北市信義區永吉路30巷101弄23號4樓等25戶市有房地,信義區雅祥段三小段790地號,28.86,信義區雅祥段三小段2459建號（含共同使用部分及停車位編號128、227）,202.54,信義區永吉路30巷101弄31號10樓,63270000,─,再標售
1030411,公開標售臺北市信義區永吉路30巷101弄23號4樓等25戶市有房地,信義區雅祥段三小段790地號,28.66,信義區雅祥段三小段2460建號（含共同使用部分及停車位編號129、228）,201.38,信義區永吉路30巷101弄29號10樓,62350000,62350000,已標脫
1030411,公開標售臺北市信義區永吉路30巷101弄23號4樓等25戶市有房地,信義區雅祥段三小段790地號,32.66,信義區雅祥段三小段2461建號（含共同使用部分及停車位編號130、131）,242.04,信義區永吉路30巷101弄31號11樓,64200000,64200000,已標脫
1030411,公開標售臺北市信義區永吉路30巷101弄23號4樓等25戶市有房地,信義區雅祥段三小段790地號,32.46,信義區雅祥段三小段2462建號（含共同使用部分及停車位編號132、133）,240.88,信義區永吉路30巷101弄29號11樓,63280000,63280000,已標脫
1030411,公開標售臺北市信義區永吉路30巷101弄23號4樓等25戶市有房地,中正區永昌段六小段314、315地號,28.99,中正區永昌段六小段1341建號（含共同使用部分）,212.48,中正區汀州路1段76號9樓,55770000,56560000,已標脫
1030411,公開標售臺北市信義區永吉路30巷101弄23號4樓等25戶市有房地,士林區福林段二小段594地號,82.88,士林區福林段二小段20339建號（含共同使用部分及停車位編號13）,214.91,士林區福林路70號2樓之2,44680000,─,再標售
1030411,公開標售臺北市信義區永吉路30巷101弄23號4樓等25戶市有房地,士林區福林段二小段594地號,82.88,士林區福林段二小段20340建號（含共同使用部分及停車位編號14）,214.91,士林區福林路70號3樓之2,44232000,─,再標售
1030411,公開標售臺北市信義區永吉路30巷101弄23號4樓等25戶市有房地,士林區福林段二小段594地號,66.84,士林區福林段二小段20224建號（含共同使用部分及停車位編號149）,169.95,福林路100巷11弄53號5樓,37600000,38100000,已標脫
1040529,公開標售臺北市信義區永吉路30巷101弄23號4樓等8戶市有房地,信義區雅祥段三小段790地號,43.73,信義區雅祥段三小段2442建號（含共同使用部分及停車位編號32、84）,324,信義區永吉路30巷101弄23號4樓,85670000,85701000,已標脫
1040529,公開標售臺北市信義區永吉路30巷101弄23號4樓等8戶市有房地,信義區雅祥段三小段790地號,28.37,信義區雅祥段三小段2443建號（含共同使用部分及停車位編號30）,197.19,信義區永吉路30巷101弄31號2樓,56150000,57090000,已標脫
1040529,公開標售臺北市信義區永吉路30巷101弄23號4樓等8戶市有房地,信義區雅祥段三小段790地號,28.37,信義區雅祥段三小段2445建號（含共同使用部分及停車位編號42、147）,197.19,信義區永吉路30巷101弄31號3樓,58530000,─,再標售
1040529,公開標售臺北市信義區永吉路30巷101弄23號4樓等8戶市有房地,信義區雅祥段三小段790地號,28.16,信義區雅祥段三小段2447建號（含共同使用部分及停車位編號19、137）,202.54,信義區永吉路30巷101弄31號4樓,58210000,58685000,已標脫
1040529,公開標售臺北市信義區永吉路30巷101弄23號4樓等8戶市有房地,信義區雅祥段三小段790地號,28.86,信義區雅祥段三小段2457建號（含共同使用部分及停車位編號104、226）,202.54,信義區永吉路30巷101弄31號9樓,62750000,66281680,已標脫
1040529,公開標售臺北市信義區永吉路30巷101弄23號4樓等8戶市有房地,信義區雅祥段三小段790地號,28.86,信義區雅祥段三小段2459建號（含共同使用部分及停車位編號128、227）,202.54,信義區永吉路30巷101弄31號10樓,63270000,68568800,已標脫
1040529,公開標售臺北市信義區永吉路30巷101弄23號4樓等8戶市有房地,士林區福林段二小段594地號,82.88,士林區福林段二小段20339建號（含共同使用部分及停車位編號13）,214.91,信義區士林區福林路70號2樓之2,42446000,─,再標售
1040529,公開標售臺北市信義區永吉路30巷101弄23號4樓等8戶市有房地,士林區福林段二小段594地號,82.88,士林區福林段二小段20340建號（含共同使用部分及停車位編號14）,214.91,信義區士林區福林路70號3樓之2,42020000,─,再標售
1030826,公開標售臺北市信義區永吉路30巷101巷31號3樓等3戶市有房地,信義區雅祥段三小段790地號,28.37,信義區雅祥段三小段2445建號（含共同使用部分及停車位編號42、147）,197.19,信義區永吉路30巷101弄31號3樓,58530000,58531880,已標脫
1030826,公開標售臺北市信義區永吉路30巷101巷31號3樓等3戶市有房地,士林區福林段二小段594地號,82.88,士林區福林段二小段20339建號（含共同使用部分及停車位編號13）,214.91,士林區福林路70號2樓之2,42446000,─,再標售
1030826,公開標售臺北市信義區永吉路30巷101巷31號3樓等3戶市有房地,士林區福林段二小段594地號,82.88,士林區福林段二小段20340建號（含共同使用部分及停車位編號14）,214.91,士林區福林路70號3樓之2,42020000,─,再標售
1040721,公開標售臺北市松山區南京東路五段66巷22弄32號4樓1戶高雄市臺北市共有房地及士林區福林路100巷70號2樓之2、3樓2、4樓等3戶市有房地,松山區西松段二小段650-1地號,23.82,松山區西松段二小段2344建號（含共同使用部分）,143.14,松山區南京東路五段66巷22弄32號4樓,27800000,─,再標售
1040721,公開標售臺北市松山區南京東路五段66巷22弄32號4樓1戶高雄市臺北市共有房地及士林區福林路100巷70號2樓之2、3樓2、4樓等3戶市有房地,士林區福林段二小段594地號,82.88,士林區福林段二小段20339建號（含共同使用部分及停車位編號13）,214.91,士林區福林路70號2樓之2,40322000,─,再標售
1040721,公開標售臺北市松山區南京東路五段66巷22弄32號4樓1戶高雄市臺北市共有房地及士林區福林路100巷70號2樓之2、3樓2、4樓等3戶市有房地,士林區福林段二小段594地號,82.88,士林區福林段二小段20340建號（含共同使用部分及停車位編號14）,214.91,士林區福林路70號3樓之2,40490000,─,再標售
1040721,公開標售臺北市松山區南京東路五段66巷22弄32號4樓1戶高雄市臺北市共有房地及士林區福林路100巷70號2樓之2、3樓2、4樓等3戶市有房地,士林區福林段二小段594地號,83.47,士林區福林段二小段20355建號（含共同使用部分及停車位編號30）,216.42,士林區福林路70號4樓,41308000,─,再標售
1050115,公開標售臺北市松山區南京東路五段66巷22弄32號4樓1戶高雄市臺北市共有房地及中山區民生東路二段1號10樓之2、10樓之3等2戶市有房地,松山區西松段二小段650-1地號,23.82,松山區西松段二小段2344建號（含共同使用部分）,143.14,松山區南京東路五段66巷22弄32號4樓,27800000,─,再標售
1050115,公開標售臺北市松山區南京東路五段66巷22弄32號4樓1戶高雄市臺北市共有房地及中山區民生東路二段1號10樓之2、10樓之3等2戶市有房地,中山區吉林段三小段1063、1064地號,28.89,中山區吉林段三小段5422建號（含共同使用部分及停車位編號130）,236.54,中山區民生東路二段1號10樓之2,62507800,─,再標售
1050115,公開標售臺北市松山區南京東路五段66巷22弄32號4樓1戶高雄市臺北市共有房地及中山區民生東路二段1號10樓之2、10樓之3等2戶市有房地,中山區吉林段三小段1063、1064地號,20.86,中山區吉林段三小段5421建號（含共同使用部分及停車位編號80）,184.27,中山區民生東路二段1號10樓之3,47182300,─,再標售
1050530,公開標售臺北市萬華區萬大路344巷36號13樓之1(包含2停車位)市有房地,萬華區萬大段二小段602地號,29.61,萬華區萬大段二小段1743建號（含共同使用部分及停車位編號32、33）,302.49,萬華區萬大路344巷36號13樓之1,48651600,─,再標售
1050729,公開標售臺北市士林區福林路100巷70號3樓之2、3樓之2、4樓等3戶市有房地,士林區福林段二小段594地號,82.88,士林區福林段二小段20339建號（含共同使用部分及停車位編號13）,214.91,士林區福林路70號2樓之2,36684000,─,再標售
1050729,公開標售臺北市士林區福林路100巷70號3樓之2、3樓之2、4樓等3戶市有房地,士林區福林段二小段594地號,82.88,士林區福林段二小段20340建號（含共同使用部分及停車位編號14）,214.91,士林區福林路70號3樓之2,37058800,─,再標售
1050729,公開標售臺北市士林區福林路100巷70號3樓之2、3樓之2、4樓等3戶市有房地,士林區福林段二小段594地號,83.47,士林區福林段二小段20355建號（含共同使用部分及停車位編號30）,216.42,士林區福林路70號4樓,37282200,38002800,已標脫
1060718,公開標售本市中山區新生北路二段47號3樓等3戶市有不動產及6個獨立停車位,中山區吉林段四小段348地號、中山區吉林段四小段354地號,28.38,中山區吉林段四小段5514建號(含共同使用部分及停車位編號8、29、30),316.84,中山區新生北路二段47號3樓,59081200,─,再標售
1060718,公開標售本市中山區新生北路二段47號3樓等3戶市有不動產及6個獨立停車位,中山區吉林段四小段348地號、中山區吉林段四小段354地號,25.57,中山區吉林段四小段5481建號(含共同使用部分及停車位編號5、6、7),302.34,中山區新生北路二段49號3樓,58088400,─,再標售
1060718,公開標售本市中山區新生北路二段47號3樓等3戶市有不動產及6個獨立停車位,中山區吉林段四小段348地號、中山區吉林段四小段354地號,27.36,中山區吉林段四小段5464建號(含共同使用部分及停車位編號3、4),294.89,中山區新生北路二段53之3號3樓,58353700,─,再標售
1060718,公開標售本市中山區新生北路二段47號3樓等3戶市有不動產及6個獨立停車位,中山區吉林段四小段348地號、中山區吉林段四小段354地號,2.05,中山區吉林段四小段5423建號,31.2,中山區新生北路二段53之2號(車位編號：144),2774000,3513500,已標脫
1060718,公開標售本市中山區新生北路二段47號3樓等3戶市有不動產及6個獨立停車位,中山區吉林段四小段348地號、中山區吉林段四小段354地號,2.05,中山區吉林段四小段5423建號,31.2,中山區新生北路二段53之2號(車位編號：145),2774000,─,再標售
1060718,公開標售本市中山區新生北路二段47號3樓等3戶市有不動產及6個獨立停車位,中山區吉林段四小段348地號、中山區吉林段四小段354地號,2.05,中山區吉林段四小段5423建號,31.2,中山區新生北路二段53之2號(車位編號：146),2774000,3513500,已標脫
1060718,公開標售本市中山區新生北路二段47號3樓等3戶市有不動產及6個獨立停車位,中山區吉林段四小段348地號、中山區吉林段四小段354地號,2.05,中山區吉林段四小段5423建號,31.2,中山區新生北路二段53之2號(車位編號：147),2774000,─,再標售
1060718,公開標售本市中山區新生北路二段47號3樓等3戶市有不動產及6個獨立停車位,中山區吉林段四小段348地號、中山區吉林段四小段354地號,2.05,中山區吉林段四小段5423建號,31.2,中山區新生北路二段53之2號(車位編號：148),2774000,─,再標售
1060718,公開標售本市中山區新生北路二段47號3樓等3戶市有不動產及6個獨立停車位,中山區吉林段四小段348地號、中山區吉林段四小段354地號,2.06,中山區吉林段四小段5423建號,33.2,中山區新生北路二段53之2號(車位編號：169),2774000,─,再標售
1060906,106年度委託辦理標售臺北市市有不動產勞務採購案,士林區福林段二小段594地號,82.88,士林區福林段二小段20339建號（含共同使用部分及停車位編號13）,214.91,士林區福林路70號2樓之2,36684000,─,再標售
1060906,106年度委託辦理標售臺北市市有不動產勞務採購案,士林區福林段二小段594地號,82.88,士林區福林段二小段20340建號（含共同使用部分及停車位編號14）,214.91,士林區福林路70號3樓之2,37058800,─,再標售
1060906,106年度委託辦理標售臺北市市有不動產勞務採購案,中山區吉林段三小段1063、1064地號,28.89,中山區吉林段三小段5422建號（含共同使用部分及停車位編號130）,236.54,中山區民生東路二段1號10樓之2,62507800,─,再標售
1060906,106年度委託辦理標售臺北市市有不動產勞務採購案,中山區吉林段三小段1063、1064地號,20.86,中山區吉林段三小段5421建號（含共同使用部分及停車位編號80）,184.27,中山區民生東路二段1號10樓之3,47182300,─,再標售
1060906,106年度委託辦理標售臺北市市有不動產勞務採購案,松山區西松段二小段650-1地號,23.82,松山區西松段二小段2344建號（含共同使用部分）,143.14,松山區南京東路五段66巷22弄32號4樓,27800000,─,再標售
1060906,106年度委託辦理標售臺北市市有不動產勞務採購案,萬華區萬大段二小段602地號,29.61,萬華區萬大段二小段1743建號（含共同使用部分及停車位編號32、33）,302.49,萬華區萬大路344巷36號13樓之1,48651600,─,再標售
1060912,公開標售本市中山區新生北路二段47號3樓等3戶市有不動產及4個獨立停車位,中山區吉林段四小段348地號、中山區吉林段四小段354地號,28.38,中山區吉林段四小段5514建號(含共同使用部分及停車位編號8、29、30),316.84,中山區新生北路二段47號3樓,53173100,─,標租
1060912,公開標售本市中山區新生北路二段47號3樓等3戶市有不動產及4個獨立停車位,中山區吉林段四小段348地號、中山區吉林段四小段354地號,25.57,中山區吉林段四小段5481建號(含共同使用部分及停車位編號5、6、7),302.34,中山區新生北路二段49號3樓,52279600,─,標租
1060912,公開標售本市中山區新生北路二段47號3樓等3戶市有不動產及4個獨立停車位,中山區吉林段四小段348地號、中山區吉林段四小段354地號,27.36,中山區吉林段四小段5464建號(含共同使用部分及停車位編號3、4),294.89,中山區新生北路二段53之3號3樓,52518400,─,標租
1060912,公開標售本市中山區新生北路二段47號3樓等3戶市有不動產及4個獨立停車位,中山區吉林段四小段348地號、中山區吉林段四小段354地號,2.05,中山區吉林段四小段5423建號,31.2,中山區新生北路二段53之2號(車位編號：145),2774000,3022880,已標脫
1060912,公開標售本市中山區新生北路二段47號3樓等3戶市有不動產及4個獨立停車位,中山區吉林段四小段348地號、中山區吉林段四小段354地號,2.05,中山區吉林段四小段5423建號,31.2,中山區新生北路二段53之2號(車位編號：147),2774000,─,標租
1060912,公開標售本市中山區新生北路二段47號3樓等3戶市有不動產及4個獨立停車位,中山區吉林段四小段348地號、中山區吉林段四小段354地號,2.05,中山區吉林段四小段5423建號,31.2,中山區新生北路二段53之2號(車位編號：148),2774000,─,標租
1060912,公開標售本市中山區新生北路二段47號3樓等3戶市有不動產及4個獨立停車位,中山區吉林段四小段348地號、中山區吉林段四小段354地號,2.06,中山區吉林段四小段5423建號,33.2,中山區新生北路二段53之2號(車位編號：169),2774000,2822880,已標脫
1070126,公開標售本市士林區福林路100巷70號2樓之2等5戶市有不動產,士林區福林段二小段594地號,82.88,士林區福林段二小段20339建號（含共同使用部分及停車位編號13）,214.91,士林區福林路70號2樓之2,34947200,─,再標售
1070126,公開標售本市士林區福林路100巷70號2樓之2等5戶市有不動產,士林區福林段二小段594地號,82.88,士林區福林段二小段20340建號（含共同使用部分及停車位編號14）,214.91,士林區福林路70號3樓之2,36669400,─,再標售
1070126,公開標售本市士林區福林路100巷70號2樓之2等5戶市有不動產,中山區吉林段三小段1063、1064地號,28.89,中山區吉林段三小段5422建號（含共同使用部分及停車位編號130）,236.54,中山區民生東路二段1號10樓之2,50511500,─,再標售
1070126,公開標售本市士林區福林路100巷70號2樓之2等5戶市有不動產,中山區吉林段三小段1063、1064地號,20.86,中山區吉林段三小段5421建號（含共同使用部分及停車位編號80）,184.27,中山區民生東路二段1號10樓之3,38201200,40050000,已標脫
1070126,公開標售本市士林區福林路100巷70號2樓之2等5戶市有不動產,萬華區萬大段二小段602地號,29.61,萬華區萬大段二小段1743建號（含共同使用部分及停車位編號32、33）,302.49,萬華區萬大路344巷36號13樓之1,38790600,─,再標售
1070411,公開標售本市士林區福林路100巷70號2樓之2等4戶市有不動產,士林區福林段二小段594地號,82.88,士林區福林段二小段20339建號（含共同使用部分及停車位編號13）,214.91,士林區福林路70號2樓之2,33199800,─,
1070411,公開標售本市士林區福林路100巷70號2樓之2等4戶市有不動產,士林區福林段二小段594地號,82.88,士林區福林段二小段20340建號（含共同使用部分及停車位編號14）,214.91,士林區福林路70號3樓之2,34835900,35019999,已標脫
1070411,公開標售本市士林區福林路100巷70號2樓之2等4戶市有不動產,中山區吉林段三小段1063、1064地號,28.89,中山區吉林段三小段5422建號（含共同使用部分及停車位編號130）,236.54,中山區民生東路二段1號10樓之2,47985900,─,
1070411,公開標售本市士林區福林路100巷70號2樓之2等4戶市有不動產,萬華區萬大段二小段602地號,29.61,萬華區萬大段二小段1743建號（含共同使用部分及停車位編號32、33）,302.49,萬華區萬大路344巷36號13樓之1,36851100,36958889,已標脫
1070615,公開標售臺北市中山區吉林段四小段605地號等7筆土地,中山區吉林段四小段605地號,30,,,,42735000,─,再標售
1070615,公開標售臺北市中山區吉林段四小段605地號等7筆土地,中山區吉林段四小段606地號,48,,,,68376000,─,再標售
1070615,公開標售臺北市中山區吉林段四小段605地號等7筆土地,中山區吉林段四小段611地號,4,,,,5826400,─,再標售
1070615,公開標售臺北市中山區吉林段四小段605地號等7筆土地,中山區吉林段四小段613地號,55,,,,78347500,─,再標售
1070615,公開標售臺北市中山區吉林段四小段605地號等7筆土地,中山區吉林段四小段638-1地號,37.49,,,,50386560,─,再標售
1070615,公開標售臺北市中山區吉林段四小段605地號等7筆土地,中山區吉林段四小段709地號,22,,,,32918600,─,再標售
1070615,公開標售臺北市中山區吉林段四小段605地號等7筆土地,中山區吉林段四小段715地號,7,,,,10077900,─,再標售
1070719,公開標售臺北市中山區吉林段四小段605地號等7筆土地,中山區吉林段四小段605地號,30,,,,42735000,42735000,已標脫
1070719,公開標售臺北市中山區吉林段四小段605地號等7筆土地,中山區吉林段四小段606地號,48,,,,68376000,68376000,已標脫
1070719,公開標售臺北市中山區吉林段四小段605地號等7筆土地,中山區吉林段四小段611地號,4,,,,5826400,5826400,已標脫
1070719,公開標售臺北市中山區吉林段四小段605地號等7筆土地,中山區吉林段四小段613地號,55,,,,78347500,78347500,已標脫
1070719,公開標售臺北市中山區吉林段四小段605地號等7筆土地,中山區吉林段四小段638-1地號,37.49,,,,50386560,50386560,已標脫
1070719,公開標售臺北市中山區吉林段四小段605地號等7筆土地,中山區吉林段四小段709地號,22,,,,32918600,32918600,已標脫
1070719,公開標售臺北市中山區吉林段四小段605地號等7筆土地,中山區吉林段四小段715地號,7,,,,10077900,10077900,已標脫
1071126,公開標售新北市永和區大新段234地號市有土地及臺北市中山區、士林區各1戶市有房地共3處市有不動產,新北市永和區大新段234地號,130.63,,,,33702540,─,再標售
1071126,公開標售新北市永和區大新段234地號市有土地及臺北市中山區、士林區各1戶市有房地共3處市有不動產,中山區吉林段三小段1063、1064地號,28.89,中山區吉林段三小段5422建號（含共同使用部分及停車位編號130）,236.54,中山區民生東路二段1號10樓之2,45460400,─,再標售
1071126,公開標售新北市永和區大新段234地號市有土地及臺北市中山區、士林區各1戶市有房地共3處市有不動產,士林區福林段二小段594地號,82.88,士林區福林段二小段20339建號（含共同使用部分及停車位編號13）,214.91,士林區福林路70號2樓之2,31452500,─,再標售
1080730,公開標售新北市永和區大新段234地號市有土地及臺北市中山區、士林區各1戶市有房地共3處市有不動產,新北市永和區大新段234地號,130.63,,,,32180000,─,再標售
1080730,公開標售新北市永和區大新段234地號市有土地及臺北市中山區、士林區各1戶市有房地共3處市有不動產,中山區吉林段三小段1063、1064地號,28.89,中山區吉林段三小段5422建號（含共同使用部分及停車位編號130）,236.54,中山區民生東路二段1號10樓之2,49360000,50892000,已標脫
1080730,公開標售新北市永和區大新段234地號市有土地及臺北市中山區、士林區各1戶市有房地共3處市有不動產,士林區福林段二小段594地號,82.88,士林區福林段二小段20339建號（含共同使用部分及停車位編號13）,214.91,士林區福林路70號2樓之2,3140000,─,再標售
1081009,公開標售新北市永和區大新段234地號市有土地及臺北市士林區、中正區等3戶市有房地共4處市有不動產,新北市永和區大新段234地號,130.63,,,,30571000,─,再標售
1081009,公開標售新北市永和區大新段234地號市有土地及臺北市士林區、中正區等3戶市有房地共4處市有不動產,士林區福林段二小段594地號,82.88,士林區福林段二小段20339建號（含共同使用部分及停車位編號13）,214.91,士林區福林路70號2樓之2,29830000,─,再標售
1081009,公開標售新北市永和區大新段234地號市有土地及臺北市士林區、中正區等3戶市有房地共4處市有不動產,中正區河堤段二小段550、551地號,37.3,中正區河堤段2103建號(含共同使用部分及停車位編號B2-142),368.76,中正區羅斯福路三段2號22樓之2,112130000,─,再標售
1081009,公開標售新北市永和區大新段234地號市有土地及臺北市士林區、中正區等3戶市有房地共4處市有不動產,中正區河堤段二小段550、551地號,21.12,中正區河堤段2105建號(含共同使用部分及停車位編號B2-143),226.58,中正區羅斯福路三段2號22樓,68610000,─,再標售
1081128,公開標售臺北市中正區、新北市永和區等4戶市有房地及新北市永和區中興段640地號市有土地共5處市有不動產,中正區河堤段二小段550、551地號,37.3,中正區河堤段2103建號(含共同使用部分及停車位編號B2-142),368.76,中正區羅斯福路三段2號22樓之2,112130000,─,再標售
1081128,公開標售臺北市中正區、新北市永和區等4戶市有房地及新北市永和區中興段640地號市有土地共5處市有不動產,中正區河堤段二小段550、551地號,21.12,中正區河堤段2105建號(含共同使用部分及停車位編號B2-143),226.58,中正區羅斯福路三段2號22樓,68610000,─,再標售
1081128,公開標售臺北市中正區、新北市永和區等4戶市有房地及新北市永和區中興段640地號市有土地共5處市有不動產,新北市永和區中興段640地號,109.8,,,,3645600,─,再標售
1081128,公開標售臺北市中正區、新北市永和區等4戶市有房地及新北市永和區中興段640地號市有土地共5處市有不動產,新北市永和區國光段427、428地號,323.8,新北市永和區國光段1、1081建號,162.09,新北市永和區豫溪街74巷7弄9、11號,111464600,─,再標售
1081128,公開標售臺北市中正區、新北市永和區等4戶市有房地及新北市永和區中興段640地號市有土地共5處市有不動產,新北市永和區大新段757、759、760地號,341.52,新北市永和區大新段724、725建號,114.26,新北市永和區自強街8巷5弄2、6號,188951618,189288888,已標脫
1090225,臺北市中正區、新北市永和區等3戶市有房地及新北市永和區中興段640地號市有土地共4處市有不動產,中正區河堤段二小段550、551地號,37.3,中正區河堤段2103建號(含共同使用部分及停車位編號B2-142),368.76,中正區羅斯福路三段2號22樓之2,106523500,─,再標售
1090225,臺北市中正區、新北市永和區等3戶市有房地及新北市永和區中興段640地號市有土地共4處市有不動產,中正區河堤段二小段550、551地號,21.12,中正區河堤段2105建號(含共同使用部分及停車位編號B2-143),226.58,中正區羅斯福路三段2號22樓,65179500,─,再標售
1090225,臺北市中正區、新北市永和區等3戶市有房地及新北市永和區中興段640地號市有土地共4處市有不動產,永和區中興段640地號,109.8,,,,3463092,─,再標售
1090225,臺北市中正區、新北市永和區等3戶市有房地及新北市永和區中興段640地號市有土地共4處市有不動產,永和區國光段427、428地號,323.8,新北市永和區國光段1、1081建號,162.09,新北市永和區豫溪街74巷7弄9、11號,105895240,─,再標售
1090611,公開標售新北市永和區大新段及中興段共2處臺北市有不動產,新北市永和區大新段234地號,130.63,,,,29914270,─,再標售
1090611,公開標售新北市永和區大新段及中興段共2處臺北市有不動產,新北市永和區中興段403地號,210.19,新北市永和區中興段17建號,77.76,新北市永和區中興街84巷2號,77000000,77588999,已標脫
1090729,公開標售臺北市中正區水源路37之2號3樓之2等3戶市有不動產（均含車位）,中正區福和段二小段699地號,21.54,中正區福和段二小段3448建號(含共同使用部分及停車位編號B4-S006),206.63,臺北市中正區水源路37之2號3樓之2,29874330,─,再標售
1090729,公開標售臺北市中正區水源路37之2號3樓之2等3戶市有不動產（均含車位）,中正區福和段二小段699地號,21.66,中正區福和段二小段3449建號(含共同使用部分及停車位編號B4-L002),211.2,臺北市中正區水源路37之2號4樓之2,30145280,─,再標售
1090729,公開標售臺北市中正區水源路37之2號3樓之2等3戶市有不動產（均含車位）,中正區福和段二小段699地號,21.54,中正區福和段二小段3450建號(含共同使用部分及停車位編號B4-S004),206.43,臺北市中正區水源路37號4樓,30385210,30385211,已標脫
1090909,公開標售臺北市中正區水源路37之2號3樓之2等2戶市有不動產（均含車位）,中正區福和段二小段699地號,21.54,中正區福和段二小段3448建號(含共同使用部分及停車位編號B4-S006),206.63,臺北市中正區水源路37之2號3樓之2,29874330,29904321,已標脫
1090909,公開標售臺北市中正區水源路37之2號3樓之2等2戶市有不動產（均含車位）,中正區福和段二小段699地號,21.66,中正區福和段二小段3449建號(含共同使用部分及停車位編號B4-L002),211.2,臺北市中正區水源路37之2號4樓之2,30145280,31590000,已標脫
1091026,公開標售臺北市中正區羅斯福路3段2號22樓之2等2戶市有不動產(含2席獨立停車位),中正區河堤段二小段550、551地號,37.3,中正區河堤段2103建號(含共同使用部分及停車位編號B2-142),368.76,中正區羅斯福路三段2號22樓之2,101577000,─,再標售
1091026,公開標售臺北市中正區羅斯福路3段2號22樓之2等2戶市有不動產(含2席獨立停車位),中正區河堤段二小段550、551地號,21.12,中正區河堤段2105建號(含共同使用部分及停車位編號B2-143),226.58,中正區羅斯福路三段2號22樓,61621800,─,再標售
1091210,公開標售臺北市中正區羅斯福路3段2號22樓之2等2戶市有不動產(含2席獨立停車位),中正區河堤段二小段550、551地號,37.3,中正區河堤段2103建號(含共同使用部分及停車位編號B2-142),368.76,中正區羅斯福路三段2號22樓之2,96498100,─,再標售
1091210,公開標售臺北市中正區羅斯福路3段2號22樓之2等2戶市有不動產(含2席獨立停車位),中正區河堤段二小段550、551地號,21.12,中正區河堤段2105建號(含共同使用部分及停車位編號B2-143),226.58,中正區羅斯福路三段2號22樓,58540700,59288888,已標脫
1091230,公開標售臺北市文山區辛亥路4段209巷26號12樓市有不動產(含1席獨立停車位),文山區公訓段二小段579地號,17.67,文山區公訓段二小段1425建號(含一席獨立產權停車位，建號1694，編號B3-106),122.53,文山區辛亥路4段209巷26號12樓,27751500,28890000,已標脫
1100219,公開標售臺北市中正區羅斯福路3段2號22樓之2市有不動產(含1席獨立停車位),中正區河堤段二小段550、551地號,37.3,中正區河堤段2103建號(含共同使用部分及停車位編號B2-142),368.76,中正區羅斯福路三段2號22樓之2,95533100,95700000,已標脫
1100503,公開標售臺北市松山區南京東路5段66巷22弄32號4樓本市與高雄市共有不動產,松山區西松段二小段650-1地號,23.82,松山區西松段二小段2344建號,122.53,臺北市松山區南京東路5段66巷22弄32號4樓,30960000,─,─
1100811,公開標售臺北市中正區牯嶺街146號11樓之2等2戶市有不動產(含2席獨立停車位),中正區河堤段六小段645、646地號,21.46,中正區河堤段六小段2525建號(含一席獨立產權停車位，2603建號，編號B3-57),31.69,臺北市中正區牯嶺街146號11樓之2,47099200,─,再標售
1100811,公開標售臺北市中正區牯嶺街146號11樓之2等2戶市有不動產(含2席獨立停車位),中正區河堤段六小段645、646地號,21.54,中正區河堤段六小段2526建號(含一席獨立產權停車位，2603建號，編號B4-21),31.69,臺北市中正區牯嶺街146號11樓之3,47760300,48081909,已標脫
1101006,公開標售臺北市中正區牯嶺街146號11樓之2市有不動產(含1席獨立停車位),中正區河堤段六小段645、646地號,21.46,中正區河堤段六小段2525建號(含一席獨立產權停車位，2603建號，編號B3-57),31.69,臺北市中正區牯嶺街146號11樓之2,46628200,46960000,已標脫
1130315,公開標售本市大安區復興南路2段210巷10號等9處市有不動產,大安區瑞安段二小段915、917地號,3.84,大安區瑞安段二小段3663建號,47.04,臺北市大安區復興南路2段210巷10號,31660300,─,再標售
1130315,公開標售本市大安區復興南路2段210巷10號等9處市有不動產,中正區中正段一小段449地號,32.32,中正區中正段一小段2431建號(含1席平面停車位，2489建號，編號B4-89),209.31,臺北市中正區杭州南路1段71巷18號8樓,99754700,99888899,已標脫
1130315,公開標售本市大安區復興南路2段210巷10號等9處市有不動產,士林區芝山段一小段912地號,31.22,士林區芝山段一小段13299建號(含1席平面停車位，13340建號，編號B1-47),170.22,臺北市士林區德行東路200號8樓,64058200,─,再標售
1130315,公開標售本市大安區復興南路2段210巷10號等9處市有不動產,中山區吉林段四小段348、354地號,25.31,中山區吉林段四小段5514建號(含3席機械停車位，5530建號，編號B4-8、B4-29、B4-30),251.67,臺北市中山區新生北路2段47號3樓,69651400,─,再標售
1130315,公開標售本市大安區復興南路2段210巷10號等9處市有不動產,中山區吉林段四小段348、354地號,22.5,中山區吉林段四小段5481建號(含3席機械停車位，5530建號，編號B4-5、B4-6、B4-7),237.52,臺北市中山區新生北路2段49號3樓,66038900,─,再標售
1130315,公開標售本市大安區復興南路2段210巷10號等9處市有不動產,中山區吉林段四小段348、354地號,22.5,中山區吉林段四小段5431建號(含2席機械停車位，5530建號，編號B4-1、B4-2),236.64,臺北市中山區新生北路2段53-2號3樓,63448800,─,再標售
1130315,公開標售本市大安區復興南路2段210巷10號等9處市有不動產,中山區吉林段四小段348、354地號,25.31,中山區吉林段四小段5464建號(含2席機械停車位，5530建號，編號B4-3、B4-4),251.68,臺北市中山區新生北路2段53-3號3樓,66570300,─,再標售
1130315,公開標售本市大安區復興南路2段210巷10號等9處市有不動產,中山區吉林段四小段348、354地號,2.05,中山區吉林段四小段5530建號(為1席平面停車位，編號B3-147),31.02,臺北市中山區新生北路2段53-2號,3000000,3121112,已標脫
1130315,公開標售本市大安區復興南路2段210巷10號等9處市有不動產,中山區吉林段四小段348、354地號,2.05,中山區吉林段四小段5530建號(為1席平面停車位，編號B3-148),31.02,臺北市中山區新生北路2段53-2號,3000000,3181112,已標脫
1130620,公開標售本市大安區復興南路2段210巷10號等6處市有不動產,大安區瑞安段二小段915、917地號,3.84,大安區瑞安段二小段3663建號,47.04,臺北市大安區復興南路2段210巷10號,31660300,─,再標售
1130620,公開標售本市大安區復興南路2段210巷10號等6處市有不動產,士林區芝山段一小段912地號,31.22,士林區芝山段一小段13299建號(含1席平面停車位，13340建號，編號B1-47),170.22,臺北市士林區德行東路200號8樓,64058200,─,再標售
1130620,公開標售本市大安區復興南路2段210巷10號等6處市有不動產,中山區吉林段四小段348、354地號,25.31,中山區吉林段四小段5514建號(含3席機械停車位，5530建號，編號B4-8、B4-29、B4-30),251.67,臺北市中山區新生北路2段47號3樓,69651400,─,再標售
1130620,公開標售本市大安區復興南路2段210巷10號等6處市有不動產,中山區吉林段四小段348、354地號,22.5,中山區吉林段四小段5481建號(含3席機械停車位，5530建號，編號B4-5、B4-6、B4-7),237.52,臺北市中山區新生北路2段49號3樓,66038900,─,再標售
1130620,公開標售本市大安區復興南路2段210巷10號等6處市有不動產,中山區吉林段四小段348、354地號,22.5,中山區吉林段四小段5431建號(含2席機械停車位，5530建號，編號B4-1、B4-2),236.64,臺北市中山區新生北路2段53-2號3樓,63448800,─,再標售
1130620,公開標售本市大安區復興南路2段210巷10號等6處市有不動產,中山區吉林段四小段348、354地號,25.31,中山區吉林段四小段5464建號(含2席機械停車位，5530建號，編號B4-3、B4-4),251.68,臺北市中山區新生北路2段53-3號3樓,66570300,─,再標售
1130807,公開標售本市大安區復興南路2段210巷10號等7處市有不動產,大安區瑞安段二小段915、917地號,3.84,大安區瑞安段二小段3663建號,47.04,臺北市大安區復興南路2段210巷10號,31660300,─,再標售
1130807,公開標售本市大安區復興南路2段210巷10號等7處市有不動產,士林區芝山段一小段912地號,31.22,士林區芝山段一小段13299建號(含1席平面停車位，13340建號，編號B1-47),170.22,臺北市士林區德行東路200號8樓,64058200,─,再標售
1130807,公開標售本市大安區復興南路2段210巷10號等7處市有不動產,中山區吉林段四小段348、354地號,25.31,中山區吉林段四小段5514建號(含3席機械停車位，5530建號，編號B4-8、B4-29、B4-30),251.67,臺北市中山區新生北路2段47號3樓,69651400,─,再標售
1130807,公開標售本市大安區復興南路2段210巷10號等7處市有不動產,中山區吉林段四小段348、354地號,22.5,中山區吉林段四小段5481建號(含3席機械停車位，5530建號，編號B4-5、B4-6、B4-7),237.52,臺北市中山區新生北路2段49號3樓,66038900,─,再標售
1130807,公開標售本市大安區復興南路2段210巷10號等7處市有不動產,中山區吉林段四小段348、354地號,22.5,中山區吉林段四小段5431建號(含2席機械停車位，5530建號，編號B4-1、B4-2),236.64,臺北市中山區新生北路2段53-2號3樓,63448800,─,再標售
1130807,公開標售本市大安區復興南路2段210巷10號等7處市有不動產,中山區吉林段四小段348、354地號,25.31,中山區吉林段四小段5464建號(含2席機械停車位，5530建號，編號B4-3、B4-4),251.68,臺北市中山區新生北路2段53-3號3樓,66570300,─,再標售
1130807,公開標售本市大安區復興南路2段210巷10號等7處市有不動產,中山區吉林段四小段348、354地號,63.41,中山區吉林段四小段5430、5448、5498建號(含9席機械停車位及1席平面停車位，5530建號),618.37,臺北市中山區新生北路2段53號、53-1號3樓及51號3樓,141039500,─,再標售
1131107,公開標售本市北投區義理街29號10樓等12處市有不動產,北投區振興段四小段690地號,35.4,北投區振興段四小段42174建號(含1席平面停車位，42186建號，編號B4-10),243.31,臺北市北投區義理街29號10樓,84676500,─,再標售
1131107,公開標售本市北投區義理街29號10樓等12處市有不動產,北投區振興段四小段690地號,32.9,北投區振興段四小段42177建號(含1席平面停車位，42186建號，編號B4-9),227.38,臺北市北投區義理街29號11樓,80095500,─,再標售
1131107,公開標售本市北投區義理街29號10樓等12處市有不動產,中山區長安段二小段712、713地號,45.97,中山區長安段二小段4463建號(含1席平面停車位，4466建號，編號B2-21),299.33,臺北市中山區八德路2段146巷1弄6號5樓,103736000,─,再標售
1131107,公開標售本市北投區義理街29號10樓等12處市有不動產,中山區長安段二小段712、713地號,45.97,中山區長安段二小段4464建號(含1席平面停車位，4466建號，編號B2-22),299.33,臺北市中山區八德路2段146巷1弄8號5樓,103736000,─,再標售
1131107,公開標售本市北投區義理街29號10樓等12處市有不動產,信義區虎林段四小段942地號,36.15,臺北市信義區虎林段四小段3281建號(1席獨立平面停車位，3326建號，編號B1-71),217.08,臺北市信義區永吉路225巷7弄7號3樓,77051600,─,再標售
1131107,公開標售本市北投區義理街29號10樓等12處市有不動產,大安區瑞安段二小段915、917地號,3.84,大安區瑞安段二小段3663建號,47.04,臺北市大安區復興南路2段210巷10號,29760000,─,再標售
1131107,公開標售本市北投區義理街29號10樓等12處市有不動產,士林區芝山段一小段912地號,31.22,士林區芝山段一小段13299建號(含1席平面停車位，13340建號，編號B1-47),170.22,臺北市士林區德行東路200號8樓,63028400,─,再標售
1131107,公開標售本市北投區義理街29號10樓等12處市有不動產,中山區吉林段四小段348、354地號,25.31,中山區吉林段四小段5514建號(含3席機械停車位，5530建號，編號B4-8、B4-29、B4-30),251.67,臺北市中山區新生北路2段47號3樓,63867800,─,再標售
1131107,公開標售本市北投區義理街29號10樓等12處市有不動產,中山區吉林段四小段348、354地號,22.5,中山區吉林段四小段5481建號(含3席機械停車位，5530建號，編號B4-5、B4-6、B4-7),237.52,臺北市中山區新生北路2段49號3樓,61191500,─,再標售
1131107,公開標售本市北投區義理街29號10樓等12處市有不動產,中山區吉林段四小段348、354地號,22.5,中山區吉林段四小段5431建號(含2席機械停車位，5530建號，編號B4-1、B4-2),236.64,臺北市中山區新生北路2段53-2號3樓,58065700,─,再標售
1131107,公開標售本市北投區義理街29號10樓等12處市有不動產,中山區吉林段四小段348、354地號,25.31,中山區吉林段四小段5464建號(含2席機械停車位，5530建號，編號B4-3、B4-4),251.68,臺北市中山區新生北路2段53-3號3樓,60263600,─,再標售
1131107,公開標售本市北投區義理街29號10樓等12處市有不動產,中山區吉林段四小段348、354地號,63.41,中山區吉林段四小段5430、5448、5498建號(含9席機械停車位及1席平面停車位，5530建號),618.37,臺北市中山區新生北路2段53號、53-1號3樓及51號3樓,141039500,─,再標售
1140114,公開標售本市北投區義理街29號10樓等11處市有不動產,北投區振興段四小段690地號,35.4,北投區振興段四小段42174建號(含1席平面停車位，42186建號，編號B4-10),243.31,臺北市北投區義理街29號10樓,84676500,─,再標售
1140114,公開標售本市北投區義理街29號10樓等11處市有不動產,北投區振興段四小段690地號,32.9,北投區振興段四小段42177建號(含1席平面停車位，42186建號，編號B4-9),227.38,臺北市北投區義理街29號11樓,80095500,─,再標售
1140114,公開標售本市北投區義理街29號10樓等11處市有不動產,中山區長安段二小段712、713地號,45.97,中山區長安段二小段4463建號(含1席平面停車位，4466建號，編號B2-21),299.33,臺北市中山區八德路2段146巷1弄6號5樓,103736000,─,再標售
1140114,公開標售本市北投區義理街29號10樓等11處市有不動產,中山區長安段二小段712、713地號,45.97,中山區長安段二小段4464建號(含1席平面停車位，4466建號，編號B2-22),299.33,臺北市中山區八德路2段146巷1弄8號5樓,103736000,─,再標售
1140114,公開標售本市北投區義理街29號10樓等11處市有不動產,信義區虎林段四小段942地號,36.15,臺北市信義區虎林段四小段3281建號(1席獨立平面停車位，3326建號，編號B1-71),217.08,臺北市信義區永吉路225巷7弄7號3樓,77051600,─,再標售
1140114,公開標售本市北投區義理街29號10樓等11處市有不動產,大安區瑞安段二小段915、917地號,3.84,大安區瑞安段二小段3663建號,47.04,臺北市大安區復興南路2段210巷10號,29760000,─,再標售
1140114,公開標售本市北投區義理街29號10樓等11處市有不動產,士林區芝山段一小段912地號,31.22,士林區芝山段一小段13299建號(含1席平面停車位，13340建號，編號B1-47),170.22,臺北市士林區德行東路200號8樓,63028400,─,再標售
1140114,公開標售本市北投區義理街29號10樓等11處市有不動產,中山區吉林段四小段348、354地號,25.31,中山區吉林段四小段5514建號(含3席機械停車位，5530建號，編號B4-8、B4-29、B4-30),251.67,臺北市中山區新生北路2段47號3樓,63867800,─,再標售
1140114,公開標售本市北投區義理街29號10樓等11處市有不動產,中山區吉林段四小段348、354地號,22.5,中山區吉林段四小段5481建號(含3席機械停車位，5530建號，編號B4-5、B4-6、B4-7),237.52,臺北市中山區新生北路2段49號3樓,61191500,─,再標售
1140114,公開標售本市北投區義理街29號10樓等11處市有不動產,中山區吉林段四小段348、354地號,22.5,中山區吉林段四小段5431建號(含2席機械停車位，5530建號，編號B4-1、B4-2),236.64,臺北市中山區新生北路2段53-2號3樓,58065700,─,再標售
1140114,公開標售本市北投區義理街29號10樓等11處市有不動產,中山區吉林段四小段348、354地號,25.31,中山區吉林段四小段5464建號(含2席機械停車位，5530建號，編號B4-3、B4-4),251.68,臺北市中山區新生北路2段53-3號3樓,60263600,─,再標售
1140310,公開標售本市士林區、南港區、信義區、北投區、大安區、中山區等13處市有不動產,士林區天山段二小段599地號,15.45,士林區天山段二小段23363建號,93.06,臺北市士林區天母東路105巷9弄6號12樓,27889400,─,再標售
1140310,公開標售本市士林區、南港區、信義區、北投區、大安區、中山區等13處市有不動產,臺北市南港區玉成段三小段904、905地號,35.45,臺北市南港區玉成段三小段4086建號(含2席坡道平面式停車位，4170建號，編號B4-88、B4-89),251.62,臺北市南港區永吉路553巷5號20樓之2,96847000,─,再標售
1140310,公開標售本市士林區、南港區、信義區、北投區、大安區、中山區等13處市有不動產,士林區芝山段一小段912地號,31.22,士林區芝山段一小段13299建號(含1席平面停車位，13340建號，編號B1-47),170.22,臺北市士林區德行東路200號8樓,63028400,─,再標售
1140310,公開標售本市士林區、南港區、信義區、北投區、大安區、中山區等13處市有不動產,信義區虎林段四小段942地號,36.15,臺北市信義區虎林段四小段3281建號(1席獨立平面停車位，3326建號，編號B1-71),217.08,臺北市信義區永吉路225巷7弄7號3樓,77051600,─,再標售
1140310,公開標售本市士林區、南港區、信義區、北投區、大安區、中山區等13處市有不動產,北投區振興段四小段690地號,35.4,北投區振興段四小段42174建號(含1席平面停車位，42186建號，編號B4-10),243.31,臺北市北投區義理街29號10樓,84676500,─,再標售
1140310,公開標售本市士林區、南港區、信義區、北投區、大安區、中山區等13處市有不動產,北投區振興段四小段690地號,32.9,北投區振興段四小段42177建號(含1席平面停車位，42186建號，編號B4-9),227.38,臺北市北投區義理街29號11樓,80095500,─,再標售
1140310,公開標售本市士林區、南港區、信義區、北投區、大安區、中山區等13處市有不動產,大安區瑞安段二小段915、917地號,3.84,大安區瑞安段二小段3663建號,47.04,臺北市大安區復興南路2段210巷10號,29760000,─,再標售
1140310,公開標售本市士林區、南港區、信義區、北投區、大安區、中山區等13處市有不動產,中山區長安段二小段712、713地號,45.97,中山區長安段二小段4463建號(含1席平面停車位，4466建號，編號B2-21),299.33,臺北市中山區八德路2段146巷1弄6號5樓,103736000,─,再標售
1140310,公開標售本市士林區、南港區、信義區、北投區、大安區、中山區等13處市有不動產,中山區長安段二小段712、713地號,45.97,中山區長安段二小段4464建號(含1席平面停車位，4466建號，編號B2-22),299.33,臺北市中山區八德路2段146巷1弄8號5樓,103736000,─,再標售
1140310,公開標售本市士林區、南港區、信義區、北投區、大安區、中山區等13處市有不動產,中山區吉林段四小段348、354地號,25.31,中山區吉林段四小段5514建號(含3席機械停車位，5530建號，編號B4-8、B4-29、B4-30),251.67,臺北市中山區新生北路2段47號3樓,63867800,─,再標售
1140310,公開標售本市士林區、南港區、信義區、北投區、大安區、中山區等13處市有不動產,中山區吉林段四小段348、354地號,22.5,中山區吉林段四小段5481建號(含3席機械停車位，5530建號，編號B4-5、B4-6、B4-7),237.52,臺北市中山區新生北路2段49號3樓,61191500,─,再標售
1140310,公開標售本市士林區、南港區、信義區、北投區、大安區、中山區等13處市有不動產,中山區吉林段四小段348、354地號,22.5,中山區吉林段四小段5431建號(含2席機械停車位，5530建號，編號B4-1、B4-2),236.64,臺北市中山區新生北路2段53-2號3樓,58065700,─,再標售
1140310,公開標售本市士林區、南港區、信義區、北投區、大安區、中山區等13處市有不動產,中山區吉林段四小段348、354地號,25.31,中山區吉林段四小段5464建號(含2席機械停車位，5530建號，編號B4-3、B4-4),251.68,臺北市中山區新生北路2段53-3號3樓,60263600,─,再標售
1140617,公開標售本市士林區、南港區等2處市有不動產,士林區天山段二小段599地號,15.45,士林區天山段二小段23363建號,93.06,臺北市士林區天母東路105巷9弄6號12樓,27889400,27985898,已標脫
1140617,公開標售本市士林區、南港區等2處市有不動產,南港區玉成段三小段904、905地號,35.45,南港區玉成段三小段4086建號(含2席坡道平面式停車位，4170建號，編號B4-88、B4-89),251.62,臺北市南港區永吉路553巷5號20樓之2,96847000,─,再標售
1140919,公開標售本市大安區、文山區、中山區、南港區、士林區、北投區、信義區、中正區等19處市有不動產,大安區懷生段一小段951地號,15.43,大安區懷生段一小段4504建號(含1席平面停車位，4509建號，編號B1-57),91.39,臺北市大安區安東街35號9樓之6,47282300,─,再標售
1140919,公開標售本市大安區、文山區、中山區、南港區、士林區、北投區、信義區、中正區等19處市有不動產,大安區懷生段一小段951地號,15.29,大安區懷生段一小段4505建號(含1席平面停車位，4509建號，編號B1-58),91.39,臺北市大安區安東街35號10樓之6,47611800,─,再標售
1140919,公開標售本市大安區、文山區、中山區、南港區、士林區、北投區、信義區、中正區等19處市有不動產,大安區懷生段一小段951地號,15.43,大安區懷生段一小段4506建號(含1席平面停車位，4509建號，編號B1-59),91.39,臺北市大安區安東街35號11樓之6,48150500,─,再標售
1140919,公開標售本市大安區、文山區、中山區、南港區、士林區、北投區、信義區、中正區等19處市有不動產,文山區木柵段一小段1027、1028地號,18.53,文山區木柵段一小段3567建號(含1席平面停車位，3610建號，編號B3-114),164.21,臺北市文山區木新路1段10號4樓,39910000,41080800,已標脫
1140919,公開標售本市大安區、文山區、中山區、南港區、士林區、北投區、信義區、中正區等19處市有不動產,中山區長安段二小段712、713地號,45.97,中山區長安段二小段4463建號(含1席平面停車位，4466建號，編號B2-21),299.33,臺北市中山區八德路2段146巷1弄6號5樓,89815900,─,再標售
1140919,公開標售本市大安區、文山區、中山區、南港區、士林區、北投區、信義區、中正區等19處市有不動產,中山區長安段二小段712、713地號,45.97,中山區長安段二小段4464建號(含1席平面停車位，4466建號，編號B2-22),299.33, 臺北市中山區八德路2段146巷1弄8號5樓,89815900,─,再標售
1140919,公開標售本市大安區、文山區、中山區、南港區、士林區、北投區、信義區、中正區等19處市有不動產,南港區玉成段三小段904、905地號,35.45,臺北市南港區玉成段三小段4086建號(含2席坡道平面式停車位，4170建號，編號B4-88、B4-89),251.62,臺北市南港區永吉路553巷5號20樓之2,89218800,93196889,已標脫
1140919,公開標售本市大安區、文山區、中山區、南港區、士林區、北投區、信義區、中正區等19處市有不動產,士林區芝山段一小段912地號,31.22,士林區芝山段一小段13299建號(含1席平面停車位，13340建號，編號B1-47),170.22,臺北市士林區德行東路200號8樓,59383000,59888000,已標脫
1140919,公開標售本市大安區、文山區、中山區、南港區、士林區、北投區、信義區、中正區等19處市有不動產,北投區振興段四小段690地號,35.4,北投區振興段四小段42174建號(含1席平面停車位，42186建號，編號B4-10),243.31,臺北市北投區義理街29號10樓,75122400,─,再標售
1140919,公開標售本市大安區、文山區、中山區、南港區、士林區、北投區、信義區、中正區等19處市有不動產,北投區振興段四小段690地號,32.9,北投區振興段四小段42177建號(含1席平面停車位，42186建號，編號B4-9),227.38,臺北市北投區義理街29號11樓,71733100,─,再標售
1140919,公開標售本市大安區、文山區、中山區、南港區、士林區、北投區、信義區、中正區等19處市有不動產,信義區虎林段四小段942地號,36.15,臺北市信義區虎林段四小段3281建號、3273建號(含1席平面停車位，3326建號，編號B1-71),217.08,臺北市信義區永吉路225巷7弄7號3樓,70373800,─,再標售
1140919,公開標售本市大安區、文山區、中山區、南港區、士林區、北投區、信義區、中正區等19處市有不動產,中正區臨沂段二小段415、416地號,28.12,中正區臨沂段二小段2662建號(含1席平面停車位，2718建號，編號B4-84),376.85,臺北市中正區杭州南路一段53號18樓,145282500,─,再標售
1140919,公開標售本市大安區、文山區、中山區、南港區、士林區、北投區、信義區、中正區等19處市有不動產,中正區臨沂段二小段415、416地號,28.12,中正區臨沂段二小段2662建號(含1席平面停車位，2718建號，編號B4-85),376.85,臺北市中正區杭州南路一段53號19樓,146613100,─,再標售
1140919,公開標售本市大安區、文山區、中山區、南港區、士林區、北投區、信義區、中正區等19處市有不動產,大安區瑞安段二小段915、917地號,3.84,大安區瑞安段二小段3663建號,47.04,臺北市大安區復興南路2段210巷10號,26431800,─,再標售
1140919,公開標售本市大安區、文山區、中山區、南港區、士林區、北投區、信義區、中正區等19處市有不動產,中山區吉林段四小段348、354地號,25.31,中山區吉林段四小段5514建號(含3席機械停車位，5530建號，編號B4-8、B4-29、B4-30),251.67, 臺北市中山區新生北路2段47號3樓,55652100,─,再標售
1140919,公開標售本市大安區、文山區、中山區、南港區、士林區、北投區、信義區、中正區等19處市有不動產,中山區吉林段四小段348、354地號,22.5,中山區吉林段四小段5481建號(含3席機械停車位，5530建號，編號B4-5、B4-6、B4-7),237.52, 臺北市中山區新生北路2段49號3樓,54771800,─,再標售
1140919,公開標售本市大安區、文山區、中山區、南港區、士林區、北投區、信義區、中正區等19處市有不動產,中山區吉林段四小段348、354地號,22.5,中山區吉林段四小段5431建號(含2席機械停車位，5530建號，編號B4-1、B4-2),236.64, 臺北市中山區新生北路2段53-2號3樓,51701500,─,再標售
1140919,公開標售本市大安區、文山區、中山區、南港區、士林區、北投區、信義區、中正區等19處市有不動產,中山區吉林段四小段348、355地號,25.31,中山區吉林段四小段5464建號(含2席機械停車位，5530建號，編號B4-3、B4-4),251.68, 臺北市中山區新生北路2段53-3號3樓,52673400,─,再標售
1140919,公開標售本市大安區、文山區、中山區、南港區、士林區、北投區、信義區、中正區等19處市有不動產,中山區吉林段四小段348、354地號,63.41,中山區吉林段四小段5430建號、5448建號(含5席機械停車位，5530建號，編號B4-92、93、94、95、96)、5498建號(含5席機械停車位1席平面停車位，5530建號，編號B4-31、32、41(平面)、89、90、91),618.37, 臺北市中山區新生北路2段53號、53-1號3樓、51號3樓,121222900,─,再標售
1141124,公開標售本市大安區、中山區、北投區、信義區、中正區等15處市有不動產,大安區懷生段一小段951地號,15.43,大安區懷生段一小段4504建號(含1席平面停車位，4509建號，編號B1-57),91.39,臺北市大安區安東街35號9樓之6,47282300,─,再標售
1141124,公開標售本市大安區、中山區、北投區、信義區、中正區等15處市有不動產,大安區懷生段一小段951地號,15.29,大安區懷生段一小段4505建號(含1席平面停車位，4509建號，編號B1-58),91.39,臺北市大安區安東街35號10樓之6,47611800,─,再標售
1141124,公開標售本市大安區、中山區、北投區、信義區、中正區等15處市有不動產,大安區懷生段一小段951地號,15.43,大安區懷生段一小段4506建號(含1席平面停車位，4509建號，編號B1-59),91.39,臺北市大安區安東街35號11樓之6,48150500,─,再標售
1141124,公開標售本市大安區、中山區、北投區、信義區、中正區等15處市有不動產,中山區長安段二小段712、713地號,45.97,中山區長安段二小段4463建號(含1席平面停車位，4466建號，編號B2-21),299.33,臺北市中山區八德路2段146巷1弄6號5樓,89815900,─,再標售
1141124,公開標售本市大安區、中山區、北投區、信義區、中正區等15處市有不動產,中山區長安段二小段712、713地號,45.97,中山區長安段二小段4464建號(含1席平面停車位，4466建號，編號B2-22),299.33,臺北市中山區八德路2段146巷1弄8號5樓,89815900,─,再標售
1141124,公開標售本市大安區、中山區、北投區、信義區、中正區等15處市有不動產,北投區振興段四小段690地號,35.4,北投區振興段四小段42174建號(含1席平面停車位，42186建號，編號B4-10),243.31,臺北市北投區義理街29號10樓,75122400,─,再標售
1141124,公開標售本市大安區、中山區、北投區、信義區、中正區等15處市有不動產,北投區振興段四小段690地號,32.9,北投區振興段四小段42177建號(含1席平面停車位，42186建號，編號B4-9),227.38,臺北市北投區義理街29號11樓,71733100,─,再標售
1141124,公開標售本市大安區、中山區、北投區、信義區、中正區等15處市有不動產,信義區虎林段四小段942地號,36.15,臺北市信義區虎林段四小段3281建號、3273建號(含1席平面停車位，3326建號，編號B1-71),217.08,臺北市信義區永吉路225巷7弄7號3樓,70373800,─,再標售
1141124,公開標售本市大安區、中山區、北投區、信義區、中正區等15處市有不動產,中正區臨沂段二小段415、416地號,28.12,中正區臨沂段二小段2662建號(含1席平面停車位，2718建號，編號B4-84),376.85,臺北市中正區杭州南路1段53號18樓,145282500,─,再標售
1141124,公開標售本市大安區、中山區、北投區、信義區、中正區等15處市有不動產,中正區臨沂段二小段415、416地號,28.12,中正區臨沂段二小段2662建號(含1席平面停車位，2718建號，編號B4-85),376.85,臺北市中正區杭州南路1段53號19樓,146613100,─,再標售
1141124,公開標售本市大安區、中山區、北投區、信義區、中正區等15處市有不動產,大安區瑞安段二小段915、917地號,3.84,大安區瑞安段二小段3663建號,47.04,臺北市大安區復興南路2段210巷10號,26431800,─,再標售
1141124,公開標售本市大安區、中山區、北投區、信義區、中正區等15處市有不動產,中山區吉林段四小段348、354地號,25.31,中山區吉林段四小段5514建號(含3席機械停車位，5530建號，編號B4-8、B4-29、B4-30),251.67,臺北市中山區新生北路2段47號3樓,55652100,─,再標售
1141124,公開標售本市大安區、中山區、北投區、信義區、中正區等15處市有不動產,中山區吉林段四小段348、354地號,22.5,中山區吉林段四小段5481建號(含3席機械停車位，5530建號，編號B4-5、B4-6、B4-7),237.52,臺北市中山區新生北路2段49號3樓,54771800,─,再標售
1141124,公開標售本市大安區、中山區、北投區、信義區、中正區等15處市有不動產,中山區吉林段四小段348、354地號,22.5,中山區吉林段四小段5431建號(含2席機械停車位，5530建號，編號B4-1、B4-2),236.64,臺北市中山區新生北路2段53-2號3樓,51701500,─,再標售
1141124,公開標售本市大安區、中山區、北投區、信義區、中正區等15處市有不動產,中山區吉林段四小段348、355地號,25.31,中山區吉林段四小段5464建號(含2席機械停車位，5530建號，編號B4-3、B4-4),251.68,臺北市中山區新生北路2段53-3號3樓,52673400,─,再標售
1150424,信義房屋股份有限公司（下稱信義房屋）辦理臺北市政府財政局經管「大安區、中山區、北投區、信義區及中正區等15處都更分回市有不動產」115年第1次公開標售案,大安區懷生段一小段951地號,15.43,大安區懷生段一小段4504建號(含1席平面停車位，4509建號，編號B1-57),91.39,臺北市大安區安東街35號9樓之6,47282300,─,招標中
1150424,信義房屋股份有限公司（下稱信義房屋）辦理臺北市政府財政局經管「大安區、中山區、北投區、信義區及中正區等15處都更分回市有不動產」115年第1次公開標售案,大安區懷生段一小段951地號,15.29,大安區懷生段一小段4505建號(含1席平面停車位，4509建號，編號B1-58),91.39,臺北市大安區安東街35號10樓之6,47611800,─,招標中
1150424,信義房屋股份有限公司（下稱信義房屋）辦理臺北市政府財政局經管「大安區、中山區、北投區、信義區及中正區等15處都更分回市有不動產」115年第1次公開標售案,大安區懷生段一小段951地號,15.43,大安區懷生段一小段4506建號(含1席平面停車位，4509建號，編號B1-59),91.39,臺北市大安區安東街35號11樓之6,48150500,─,招標中
1150424,信義房屋股份有限公司（下稱信義房屋）辦理臺北市政府財政局經管「大安區、中山區、北投區、信義區及中正區等15處都更分回市有不動產」115年第1次公開標售案,中山區長安段二小段712、713地號,45.97,中山區長安段二小段4463建號(含1席平面停車位，4466建號，編號B2-21),299.33,臺北市中山區八德路2段146巷1弄6號5樓,89815900,─,招標中
1150424,信義房屋股份有限公司（下稱信義房屋）辦理臺北市政府財政局經管「大安區、中山區、北投區、信義區及中正區等15處都更分回市有不動產」115年第1次公開標售案,中山區長安段二小段712、713地號,45.97,中山區長安段二小段4464建號(含1席平面停車位，4466建號，編號B2-22),299.33,臺北市中山區八德路2段146巷1弄8號5樓,89815900,─,招標中
1150424,信義房屋股份有限公司（下稱信義房屋）辦理臺北市政府財政局經管「大安區、中山區、北投區、信義區及中正區等15處都更分回市有不動產」115年第1次公開標售案,北投區振興段四小段690地號,35.4,北投區振興段四小段42174建號(含1席平面停車位，42186建號，編號B4-10),243.31,臺北市北投區義理街29號10樓,75122400,─,招標中
1150424,信義房屋股份有限公司（下稱信義房屋）辦理臺北市政府財政局經管「大安區、中山區、北投區、信義區及中正區等15處都更分回市有不動產」115年第1次公開標售案,北投區振興段四小段690地號,32.9,北投區振興段四小段42177建號(含1席平面停車位，42186建號，編號B4-9),227.38,臺北市北投區義理街29號11樓,71733100,─,招標中
1150424,信義房屋股份有限公司（下稱信義房屋）辦理臺北市政府財政局經管「大安區、中山區、北投區、信義區及中正區等15處都更分回市有不動產」115年第1次公開標售案,信義區虎林段四小段942地號,36.15,臺北市信義區虎林段四小段3281建號、3273建號(含1席平面停車位，3326建號，編號B1-71),217.08,臺北市信義區永吉路225巷7弄7號3樓,70373800,─,招標中
1150424,信義房屋股份有限公司（下稱信義房屋）辦理臺北市政府財政局經管「大安區、中山區、北投區、信義區及中正區等15處都更分回市有不動產」115年第1次公開標售案,中正區臨沂段二小段415、416地號,28.12,中正區臨沂段二小段2662建號(含1席平面停車位，2718建號，編號B4-84),376.85,臺北市中正區杭州南路1段53號18樓,145282500,─,招標中
1150424,信義房屋股份有限公司（下稱信義房屋）辦理臺北市政府財政局經管「大安區、中山區、北投區、信義區及中正區等15處都更分回市有不動產」115年第1次公開標售案,中正區臨沂段二小段415、416地號,28.12,中正區臨沂段二小段2662建號(含1席平面停車位，2718建號，編號B4-85),376.85,臺北市中正區杭州南路1段53號19樓,146613100,─,招標中
1150424,信義房屋股份有限公司（下稱信義房屋）辦理臺北市政府財政局經管「大安區、中山區、北投區、信義區及中正區等15處都更分回市有不動產」115年第1次公開標售案,大安區瑞安段二小段915、917地號,3.84,大安區瑞安段二小段3663建號,47.04,臺北市大安區復興南路2段210巷10號,26431800,─,招標中
1150424,信義房屋股份有限公司（下稱信義房屋）辦理臺北市政府財政局經管「大安區、中山區、北投區、信義區及中正區等15處都更分回市有不動產」115年第1次公開標售案,中山區吉林段四小段348、354地號,25.31,中山區吉林段四小段5514建號(含3席機械停車位，5530建號，編號B4-8、B4-29、B4-30),251.67,臺北市中山區新生北路2段47號3樓,55652100,─,招標中
1150424,信義房屋股份有限公司（下稱信義房屋）辦理臺北市政府財政局經管「大安區、中山區、北投區、信義區及中正區等15處都更分回市有不動產」115年第1次公開標售案,中山區吉林段四小段348、354地號,22.5,中山區吉林段四小段5481建號(含3席機械停車位，5530建號，編號B4-5、B4-6、B4-7),237.52,臺北市中山區新生北路2段49號3樓,54771800,─,招標中
1150424,信義房屋股份有限公司（下稱信義房屋）辦理臺北市政府財政局經管「大安區、中山區、北投區、信義區及中正區等15處都更分回市有不動產」115年第1次公開標售案,中山區吉林段四小段348、354地號,22.5,中山區吉林段四小段5431建號(含2席機械停車位，5530建號，編號B4-1、B4-2),236.64,臺北市中山區新生北路2段53-2號3樓,51701500,─,招標中
1150424,信義房屋股份有限公司（下稱信義房屋）辦理臺北市政府財政局經管「大安區、中山區、北投區、信義區及中正區等15處都更分回市有不動產」115年第1次公開標售案,中山區吉林段四小段348、355地號,25.31,中山區吉林段四小段5464建號(含2席機械停車位，5530建號，編號B4-3、B4-4),251.68,臺北市中山區新生北路2段53-3號3樓,52673400,─,招標中
