年度,月份,財產性質別,項目,金額（元）
110,12,公務用,土地及土地改良物,"1,569,406,331,127"
110,12,公務用,房屋建築及設備,"62,697,083,684"
110,12,公務用,機械及設備,"8,181,506,277"
110,12,公務用,交通及運輸設備,"2,467,260,827"
110,12,公務用,什項設備,"3,829,747,736"
110,12,公務用,有價證券及權利,"23,407,221,685"
110,12,公共用,土地及土地改良物,"7,553,179,555,001"
110,12,公共用,房屋建築及設備,"131,125,325,309"
110,12,公共用,機械及設備,"8,647,572,521"
110,12,公共用,交通及運輸設備,"29,525,952,238"
110,12,公共用,什項設備,"2,686,163,859"
110,12,公共用,有價證券及權利,"3,186,106,349"
110,12,事業用,土地及土地改良物,"210,777,820,122"
110,12,事業用,房屋建築及設備,"80,611,537,578"
110,12,事業用,機械及設備,"43,172,484,528"
110,12,事業用,交通及運輸設備,"2,768,157,694"
110,12,事業用,什項設備,"2,783,721,545"
110,12,事業用,有價證券及權利,"353,419,522"
110,12,非公用,土地及土地改良物,"437,353,869,594"
110,12,非公用,房屋建築及設備,"5,108,583,292"
110,12,非公用,機械及設備,"23,809,516"
110,12,非公用,交通及運輸設備,"2,157,143"
110,12,非公用,什項設備,"34,080,469"
110,12,非公用,有價證券及權利,"418,300,130"
111,12,公務用,土地及土地改良物,"1,621,547,980,819"
111,12,公務用,房屋建築及設備,"66,889,800,612"
111,12,公務用,機械及設備,"8,814,148,796"
111,12,公務用,交通及運輸設備,"2,400,525,134"
111,12,公務用,什項設備,"3,953,137,794"
111,12,公務用,有價證券及權利,"24,189,941,099"
111,12,公共用,土地及土地改良物,"7,789,677,716,838"
111,12,公共用,房屋建築及設備,"136,302,476,839"
111,12,公共用,機械及設備,"7,425,946,265"
111,12,公共用,交通及運輸設備,"27,224,937,716"
111,12,公共用,什項設備,"2,819,550,570"
111,12,公共用,有價證券及權利,"3,185,658,905"
111,12,事業用,土地及土地改良物,"210,817,349,786"
111,12,事業用,房屋建築及設備,"93,092,513,621"
111,12,事業用,機械及設備,"41,208,591,578"
111,12,事業用,交通及運輸設備,"2,657,354,089"
111,12,事業用,什項設備,"3,039,926,994"
111,12,事業用,有價證券及權利,"418,076,107"
111,12,非公用,土地及土地改良物,"452,451,583,014"
111,12,非公用,房屋建築及設備,"5,020,932,384"
111,12,非公用,機械及設備,"17,835,090"
111,12,非公用,交通及運輸設備,"2,662,295"
111,12,非公用,什項設備,"26,558,642"
111,12,非公用,有價證券及權利,"418,300,130"
112,12,公務用,土地及土地改良物,"1,687,035,235,257"
112,12,公務用,房屋建築及設備,"67,311,635,687"
112,12,公務用,機械及設備,"8,284,886,528"
112,12,公務用,交通及運輸設備,"2,466,581,064"
112,12,公務用,什項設備,"4,133,285,925"
112,12,公務用,有價證券及權利,"24,999,843,423"
112,12,公共用,土地及土地改良物,"8,071,064,409,175"
112,12,公共用,房屋建築及設備,"132,477,221,270"
112,12,公共用,機械及設備,"6,229,664,562"
112,12,公共用,交通及運輸設備,"24,607,599,862"
112,12,公共用,什項設備,"2,832,167,506"
112,12,公共用,有價證券及權利,"3,185,211,461"
112,12,事業用,土地及土地改良物,"207,030,835,259"
112,12,事業用,房屋建築及設備,"94,332,885,770"
112,12,事業用,機械及設備,"40,692,423,792"
112,12,事業用,交通及運輸設備,"2,444,814,475"
112,12,事業用,什項設備,"3,158,866,044"
112,12,事業用,有價證券及權利,"406,926,837"
112,12,非公用,土地及土地改良物,"465,983,966,747"
112,12,非公用,房屋建築及設備,"4,957,526,391"
112,12,非公用,機械及設備,"13,827,083"
112,12,非公用,交通及運輸設備,"9,562,230"
112,12,非公用,什項設備,"17,708,382"
112,12,非公用,有價證券及權利,"418,300,130"
113,12,公務用,土地及土地改良物,"1,694,233,062,834"
113,12,公務用,房屋建築及設備,"68,948,617,368"
113,12,公務用,機械及設備,"8,532,969,094"
113,12,公務用,交通及運輸設備,"2,735,328,263"
113,12,公務用,什項設備,"4,204,246,046"
113,12,公務用,有價證券及權利,"25,850,243,357"
113,12,公共用,土地及土地改良物,"8,090,004,488,211"
113,12,公共用,房屋建築及設備,"132,682,990,586"
113,12,公共用,機械及設備,"5,257,626,147"
113,12,公共用,交通及運輸設備,"22,310,700,727"
113,12,公共用,什項設備,"2,889,878,667"
113,12,公共用,有價證券及權利,"3,171,178,164"
113,12,事業用,土地及土地改良物,"209,247,304,724"
113,12,事業用,房屋建築及設備,"101,369,824,999"
113,12,事業用,機械及設備,"40,785,033,680"
113,12,事業用,交通及運輸設備,"2,344,597,979"
113,12,事業用,什項設備,"3,124,955,720"
113,12,事業用,有價證券及權利,"406,926,837"
113,12,非公用,土地及土地改良物,"465,871,023,180"
113,12,非公用,房屋建築及設備,"5,384,699,601"
113,12,非公用,機械及設備,"15,839,065"
113,12,非公用,交通及運輸設備,"10,534,337"
113,12,非公用,什項設備,"10,801,718"
113,12,非公用,有價證券及權利,"418,300,130"
114,12,公務用,土地及土地改良物,"1,784,514,473,874"
114,12,公務用,房屋建築及設備,"67,389,566,532"
114,12,公務用,機械及設備,"7,778,231,140"
114,12,公務用,交通及運輸設備,"3,025,111,407"
114,12,公務用,什項設備,"4,283,505,145"
114,12,公務用,有價證券及權利,"26,320,679,621"
114,12,公共用,土地及土地改良物,"8,712,273,123,687"
114,12,公共用,房屋建築及設備,"130,159,291,442"
114,12,公共用,機械及設備,"4,396,992,599"
114,12,公共用,交通及運輸設備,"20,035,246,323"
114,12,公共用,什項設備,"2,918,779,373"
114,12,公共用,有價證券及權利,"3,122,549,610"
114,12,事業用,土地及土地改良物,"209,819,996,060"
114,12,事業用,房屋建築及設備,"114,184,155,028"
114,12,事業用,機械及設備,"44,031,699,506"
114,12,事業用,交通及運輸設備,"2,592,874,625"
114,12,事業用,什項設備,"3,210,721,947"
114,12,事業用,有價證券及權利,"406,926,837"
114,12,非公用,土地及土地改良物,"483,280,451,298"
114,12,非公用,房屋建築及設備,"5,551,243,590"
114,12,非公用,機械及設備,"23,853,255"
114,12,非公用,交通及運輸設備,"7,327,669"
114,12,非公用,什項設備,"57,909,120"
114,12,非公用,有價證券及權利,"418,300,130"
